symbol,company_name,year,quarter,date,speaker_role_v2,section,blocks,avg_block_len,vader_mean,vader_median,finbert_mean,finbert_pos,finbert_neg,finbert_neu,finbert_avg_conf
A,"Agilent Technologies, Inc.",2020,1,2020-02-18 16:30:00,analyst,Q&A,14,155.35714285714286,0.8289214285714286,0.9401999999999999,0.5714285714285714,0.7857142857142857,0.21428571428571427,0.0,0.79777244584901
A,"Agilent Technologies, Inc.",2020,1,2020-02-18 16:30:00,operator,Q&A,1,36.0,0.91,0.91,1.0,1.0,0.0,0.0,0.8987961411476135
A,"Agilent Technologies, Inc.",2020,1,2020-02-18 16:30:00,other,Prepared Remarks,21,47.23809523809524,0.8181095238095237,0.9337,0.47619047619047616,0.7142857142857143,0.23809523809523808,0.047619047619047616,0.762564031850724
A,"Agilent Technologies, Inc.",2020,2,2020-05-21 16:30:00,analyst,Q&A,9,124.77777777777777,0.6415111111111111,0.9584,1.0,1.0,0.0,0.0,0.8512596289316813
A,"Agilent Technologies, Inc.",2020,2,2020-05-21 16:30:00,operator,Q&A,1,36.0,0.875,0.875,1.0,1.0,0.0,0.0,0.9066354036331176
A,"Agilent Technologies, Inc.",2020,2,2020-05-21 16:30:00,other,Prepared Remarks,30,71.2,0.6350733333333333,0.8756,0.9666666666666667,0.9666666666666667,0.0,0.03333333333333333,0.8048294285933176
A,"Agilent Technologies, Inc.",2020,3,2020-08-18 16:30:00,analyst,Q&A,12,102.25,0.813975,0.8934,0.75,0.8333333333333334,0.08333333333333333,0.08333333333333333,0.8437744329373041
A,"Agilent Technologies, Inc.",2020,3,2020-08-18 16:30:00,operator,Q&A,1,35.0,0.875,0.875,1.0,1.0,0.0,0.0,0.9108963012695312
A,"Agilent Technologies, Inc.",2020,3,2020-08-18 16:30:00,other,Prepared Remarks,28,71.0,0.8178071428571428,0.9335500000000001,0.7857142857142857,0.8928571428571429,0.10714285714285714,0.0,0.7991376668214798
A,"Agilent Technologies, Inc.",2020,4,2020-11-23 16:30:00,analyst,Q&A,15,132.0,0.8812533333333333,0.9559,0.8,0.8666666666666667,0.06666666666666667,0.06666666666666667,0.7631701270739237
A,"Agilent Technologies, Inc.",2020,4,2020-11-23 16:30:00,operator,Q&A,1,36.0,0.875,0.875,1.0,1.0,0.0,0.0,0.90617698431015
A,"Agilent Technologies, Inc.",2020,4,2020-11-23 16:30:00,other,Prepared Remarks,26,55.69230769230769,0.8613115384615385,0.95835,0.5769230769230769,0.7692307692307693,0.19230769230769232,0.038461538461538464,0.779585423377844
A,"Agilent Technologies, Inc.",2021,1,2021-02-16 16:30:00,analyst,Q&A,14,131.35714285714286,0.9410428571428572,0.95495,0.6428571428571429,0.7857142857142857,0.14285714285714285,0.07142857142857142,0.7919606864452362
A,"Agilent Technologies, Inc.",2021,1,2021-02-16 16:30:00,operator,Q&A,1,34.0,0.8176,0.8176,1.0,1.0,0.0,0.0,0.9126971960067748
A,"Agilent Technologies, Inc.",2021,1,2021-02-16 16:30:00,other,Prepared Remarks,26,52.11538461538461,0.9026423076923076,0.9265,0.6153846153846154,0.8076923076923077,0.19230769230769232,0.0,0.7608220875263214
A,"Agilent Technologies, Inc.",2021,2,2021-05-25 16:30:00,analyst,Q&A,21,116.85714285714286,0.9291047619047619,0.9618,0.5238095238095238,0.7619047619047619,0.23809523809523808,0.0,0.8029045803206307
A,"Agilent Technologies, Inc.",2021,2,2021-05-25 16:30:00,operator,Q&A,1,34.0,0.8176,0.8176,1.0,1.0,0.0,0.0,0.9134133458137512
A,"Agilent Technologies, Inc.",2021,2,2021-05-25 16:30:00,other,Prepared Remarks,19,59.73684210526316,0.9064315789473685,0.9062,0.42105263157894735,0.6842105263157895,0.2631578947368421,0.05263157894736842,0.8003542078168768
A,"Agilent Technologies, Inc.",2021,3,2021-08-17 16:30:00,analyst,Q&A,14,126.0,0.7928642857142857,0.9348000000000001,0.7142857142857143,0.8571428571428571,0.14285714285714285,0.0,0.8039982531751905
A,"Agilent Technologies, Inc.",2021,3,2021-08-17 16:30:00,other,Prepared Remarks,25,53.64,0.8448680000000001,0.9231,0.32,0.64,0.32,0.04,0.761062364578247
A,"Agilent Technologies, Inc.",2021,4,2021-11-22 16:30:00,analyst,Q&A,11,175.9090909090909,0.8318636363636362,0.9538,0.8181818181818182,0.9090909090909091,0.09090909090909091,0.0,0.7634423700245944
A,"Agilent Technologies, Inc.",2021,4,2021-11-22 16:30:00,operator,Q&A,1,34.0,0.8807,0.8807,1.0,1.0,0.0,0.0,0.906296730041504
A,"Agilent Technologies, Inc.",2021,4,2021-11-22 16:30:00,other,Prepared Remarks,25,53.92,0.904652,0.9477,0.52,0.76,0.24,0.0,0.7811063742637634
A,"Agilent Technologies, Inc.",2022,1,2022-02-22 16:30:00,analyst,Q&A,8,119.5,0.9030374999999999,0.9636,1.0,1.0,0.0,0.0,0.7978953495621681
A,"Agilent Technologies, Inc.",2022,1,2022-02-22 16:30:00,other,Prepared Remarks,25,71.36,0.894244,0.9382,0.52,0.76,0.24,0.0,0.7711455595493316
A,"Agilent Technologies, Inc.",2022,2,2022-05-24 16:30:00,analyst,Q&A,15,87.8,0.85046,0.9442,0.8666666666666667,0.9333333333333333,0.06666666666666667,0.0,0.8364609440167745
A,"Agilent Technologies, Inc.",2022,2,2022-05-24 16:30:00,operator,Q&A,1,33.0,0.8658,0.8658,1.0,1.0,0.0,0.0,0.937472403049469
A,"Agilent Technologies, Inc.",2022,2,2022-05-24 16:30:00,other,Prepared Remarks,31,74.93548387096774,0.8881903225806451,0.9451,0.16129032258064516,0.5483870967741935,0.3870967741935484,0.06451612903225806,0.8048254145729926
A,"Agilent Technologies, Inc.",2022,3,2022-08-16 16:30:00,analyst,Q&A,10,96.0,0.9228999999999999,0.95095,0.6,0.8,0.2,0.0,0.7889741271734237
A,"Agilent Technologies, Inc.",2022,3,2022-08-16 16:30:00,other,Prepared Remarks,35,64.48571428571428,0.9041542857142857,0.9246,0.5714285714285714,0.7714285714285715,0.2,0.02857142857142857,0.8118145074163164
A,"Agilent Technologies, Inc.",2022,4,2022-11-21 16:30:00,analyst,Q&A,8,52.25,0.8994875,0.9138999999999999,0.75,0.875,0.125,0.0,0.788858063519001
A,"Agilent Technologies, Inc.",2022,4,2022-11-21 16:30:00,other,Prepared Remarks,37,85.54054054054055,0.8377756756756757,0.9477,0.7297297297297297,0.8648648648648649,0.13513513513513514,0.0,0.7912469908997819
A,"Agilent Technologies, Inc.",2023,1,2023-02-28 08:30:00,analyst,Q&A,7,107.14285714285714,0.8589285714285715,0.9682,0.42857142857142855,0.7142857142857143,0.2857142857142857,0.0,0.8232319355010986
A,"Agilent Technologies, Inc.",2023,1,2023-02-28 08:30:00,other,Prepared Remarks,36,65.69444444444444,0.905486111111111,0.9612499999999999,0.9444444444444444,0.9722222222222222,0.027777777777777776,0.0,0.7974511202838686
A,"Agilent Technologies, Inc.",2023,2,2023-05-23 16:30:00,analyst,Q&A,21,87.76190476190476,0.8635095238095238,0.9268,0.7619047619047619,0.8571428571428571,0.09523809523809523,0.047619047619047616,0.8177226725078764
A,"Agilent Technologies, Inc.",2023,2,2023-05-23 16:30:00,other,Prepared Remarks,28,64.32142857142857,0.7680464285714285,0.873,0.42857142857142855,0.7142857142857143,0.2857142857142857,0.0,0.7817025940333094
A,"Agilent Technologies, Inc.",2023,3,2023-08-15 16:30:00,analyst,Q&A,18,98.88888888888889,0.8724277777777778,0.8957,0.6111111111111112,0.7777777777777778,0.16666666666666666,0.05555555555555555,0.8077364762624105
A,"Agilent Technologies, Inc.",2023,3,2023-08-15 16:30:00,other,Prepared Remarks,25,71.56,0.7639319999999999,0.9062,0.76,0.84,0.08,0.08,0.7734972596168518
A,"Agilent Technologies, Inc.",2023,4,2023-11-20 16:30:00,analyst,Q&A,8,154.25,0.8876625,0.9722500000000001,0.875,0.875,0.0,0.125,0.8410642966628075
A,"Agilent Technologies, Inc.",2023,4,2023-11-20 16:30:00,other,Prepared Remarks,33,75.84848484848484,0.8697878787878788,0.9496,0.6363636363636364,0.7878787878787878,0.15151515151515152,0.06060606060606061,0.7970143141168536
A,"Agilent Technologies, Inc.",2024,1,2024-02-27 16:30:00,analyst,Q&A,11,45.27272727272727,0.9356000000000001,0.9572,0.8181818181818182,0.9090909090909091,0.09090909090909091,0.0,0.7920214994387194
A,"Agilent Technologies, Inc.",2024,1,2024-02-27 16:30:00,other,Prepared Remarks,36,75.77777777777777,0.8755694444444444,0.9423,0.6666666666666666,0.8333333333333334,0.16666666666666666,0.0,0.7913479639424218
A,"Agilent Technologies, Inc.",2024,2,2024-05-29 16:30:00,analyst,Q&A,10,59.0,0.75254,0.8713,0.8,0.9,0.1,0.0,0.844983971118927
A,"Agilent Technologies, Inc.",2024,2,2024-05-29 16:30:00,other,Prepared Remarks,35,82.88571428571429,0.83856,0.8807,0.5714285714285714,0.7714285714285715,0.2,0.02857142857142857,0.8368660705430168
A,"Agilent Technologies, Inc.",2024,3,2024-08-21 16:30:00,analyst,Q&A,20,56.25,0.879035,0.93035,0.8,0.9,0.1,0.0,0.8318283826112747
A,"Agilent Technologies, Inc.",2024,3,2024-08-21 16:30:00,other,Prepared Remarks,25,93.88,0.878704,0.9349,0.44,0.68,0.24,0.08,0.7761768651008606
A,"Agilent Technologies, Inc.",2024,4,2024-11-25 16:30:00,analyst,Q&A,13,47.61538461538461,0.8658307692307693,0.8979,0.8461538461538461,0.9230769230769231,0.07692307692307693,0.0,0.8031136439396784
A,"Agilent Technologies, Inc.",2024,4,2024-11-25 16:30:00,operator,Q&A,1,37.0,0.836,0.836,1.0,1.0,0.0,0.0,0.9140790104866028
A,"Agilent Technologies, Inc.",2024,4,2024-11-25 16:30:00,other,Prepared Remarks,38,95.21052631578948,0.8729368421052631,0.9519,0.6052631578947368,0.7894736842105263,0.18421052631578946,0.02631578947368421,0.7677883160741705
A,"Agilent Technologies, Inc.",2025,1,2025-02-26 16:30:00,analyst,Q&A,12,56.916666666666664,0.8907166666666666,0.9356,0.6666666666666666,0.8333333333333334,0.16666666666666666,0.0,0.8405711799860001
A,"Agilent Technologies, Inc.",2025,1,2025-02-26 16:30:00,operator,Q&A,1,33.0,0.875,0.875,1.0,1.0,0.0,0.0,0.9083787798881532
A,"Agilent Technologies, Inc.",2025,1,2025-02-26 16:30:00,other,Prepared Remarks,25,113.0,0.9130199999999999,0.9581,0.36,0.68,0.32,0.0,0.8132540512084961
AAPL,Apple Inc.,2020,1,2020-01-28 17:00:00,analyst,Q&A,7,141.42857142857142,0.7660571428571429,0.7579,1.0,1.0,0.0,0.0,0.8507955414908273
AAPL,Apple Inc.,2020,1,2020-01-28 17:00:00,management,Prepared Remarks,6,200.33333333333334,0.6977333333333333,0.7483500000000001,1.0,1.0,0.0,0.0,0.878472218910853
AAPL,Apple Inc.,2020,1,2020-01-28 17:00:00,other,Prepared Remarks,10,70.4,0.74906,0.93405,0.6,0.8,0.2,0.0,0.8231996417045593
AAPL,Apple Inc.,2020,2,2020-04-30 17:00:00,analyst,Q&A,6,215.66666666666666,0.8908333333333333,0.92195,0.6666666666666666,0.8333333333333334,0.16666666666666666,0.0,0.8358515699704488
AAPL,Apple Inc.,2020,2,2020-04-30 17:00:00,management,Prepared Remarks,6,184.83333333333334,0.8106333333333334,0.92475,0.6666666666666666,0.8333333333333334,0.16666666666666666,0.0,0.8300363818804423
AAPL,Apple Inc.,2020,2,2020-04-30 17:00:00,management,Q&A,3,104.0,0.8837333333333334,0.9552,0.3333333333333333,0.6666666666666666,0.3333333333333333,0.0,0.8332555492719015
AAPL,Apple Inc.,2020,2,2020-04-30 17:00:00,other,Prepared Remarks,6,61.666666666666664,0.7289333333333333,0.8689,1.0,1.0,0.0,0.0,0.8779503802458445
AAPL,Apple Inc.,2020,3,2020-07-30 17:00:00,analyst,Q&A,8,149.0,0.7443125,0.8405,0.5,0.75,0.25,0.0,0.7689010128378868
AAPL,Apple Inc.,2020,3,2020-07-30 17:00:00,management,Prepared Remarks,12,117.91666666666667,0.941525,0.9534,0.8333333333333334,0.9166666666666666,0.08333333333333333,0.0,0.8283386826515198
AAPL,Apple Inc.,2020,3,2020-07-30 17:00:00,management,Q&A,1,40.0,-0.25,-0.25,1.0,1.0,0.0,0.0,0.766064465045929
AAPL,Apple Inc.,2020,3,2020-07-30 17:00:00,other,Prepared Remarks,7,52.857142857142854,0.8578285714285714,0.8176,0.14285714285714285,0.5714285714285714,0.42857142857142855,0.0,0.8113606827599662
AAPL,Apple Inc.,2020,4,2020-10-29 17:00:00,analyst,Q&A,7,175.0,0.7607142857142858,0.7579,0.7142857142857143,0.8571428571428571,0.14285714285714285,0.0,0.8140389408384051
AAPL,Apple Inc.,2020,4,2020-10-29 17:00:00,management,Prepared Remarks,10,65.0,0.76655,0.8928,0.8,0.9,0.1,0.0,0.8653206348419189
AAPL,Apple Inc.,2020,4,2020-10-29 17:00:00,management,Q&A,2,497.0,0.9729,0.9729,1.0,1.0,0.0,0.0,0.8410122394561768
AAPL,Apple Inc.,2020,4,2020-10-29 17:00:00,operator,Prepared Remarks,1,30.0,0.8126,0.8126,1.0,1.0,0.0,0.0,0.7571026682853699
AAPL,Apple Inc.,2020,4,2020-10-29 17:00:00,other,Prepared Remarks,11,57.18181818181818,0.8711181818181818,0.9403,0.8181818181818182,0.9090909090909091,0.09090909090909091,0.0,0.8557358059016141
AAPL,Apple Inc.,2021,1,2021-01-27 17:00:00,analyst,Q&A,7,151.0,0.6046714285714286,0.891,0.5714285714285714,0.7142857142857143,0.14285714285714285,0.14285714285714285,0.8076307347842625
AAPL,Apple Inc.,2021,1,2021-01-27 17:00:00,management,Prepared Remarks,7,157.28571428571428,0.9246714285714285,0.9666,1.0,1.0,0.0,0.0,0.7729819416999817
AAPL,Apple Inc.,2021,1,2021-01-27 17:00:00,management,Q&A,4,78.5,0.9492750000000001,0.96835,1.0,1.0,0.0,0.0,0.848397970199585
AAPL,Apple Inc.,2021,1,2021-01-27 17:00:00,other,Prepared Remarks,15,55.266666666666666,0.81522,0.8934,0.6666666666666666,0.8,0.13333333333333333,0.06666666666666667,0.8151071747144063
AAPL,Apple Inc.,2021,2,2021-04-28 17:00:00,analyst,Q&A,5,194.6,0.89162,0.875,0.6,0.8,0.2,0.0,0.8784258604049683
AAPL,Apple Inc.,2021,2,2021-04-28 17:00:00,management,Prepared Remarks,8,154.0,0.9501,0.9568,0.5,0.75,0.25,0.0,0.7621762678027153
AAPL,Apple Inc.,2021,2,2021-04-28 17:00:00,management,Q&A,2,47.0,0.8802,0.8802,1.0,1.0,0.0,0.0,0.8981758654117584
AAPL,Apple Inc.,2021,2,2021-04-28 17:00:00,other,Prepared Remarks,12,61.916666666666664,0.785375,0.9313,0.9166666666666666,0.9166666666666666,0.0,0.08333333333333333,0.7270780603090922
AAPL,Apple Inc.,2021,3,2021-07-27 17:00:00,analyst,Q&A,9,125.44444444444444,0.8709888888888888,0.9231,1.0,1.0,0.0,0.0,0.8481094903416104
AAPL,Apple Inc.,2021,3,2021-07-27 17:00:00,management,Prepared Remarks,7,164.28571428571428,0.8664428571428572,0.9674,0.2857142857142857,0.5714285714285714,0.2857142857142857,0.14285714285714285,0.8065931115831647
AAPL,Apple Inc.,2021,3,2021-07-27 17:00:00,management,Q&A,4,57.5,0.6761,0.97265,0.5,0.75,0.25,0.0,0.8119463622570038
AAPL,Apple Inc.,2021,3,2021-07-27 17:00:00,other,Prepared Remarks,13,60.84615384615385,0.8032692307692308,0.8779,0.6153846153846154,0.7692307692307693,0.15384615384615385,0.07692307692307693,0.7967492021047152
AAPL,Apple Inc.,2021,4,2021-10-28 17:00:00,analyst,Q&A,9,123.88888888888889,0.39744444444444443,0.7579,1.0,1.0,0.0,0.0,0.8351381288634406
AAPL,Apple Inc.,2021,4,2021-10-28 17:00:00,management,Prepared Remarks,12,127.75,0.855975,0.9509000000000001,0.9166666666666666,0.9166666666666666,0.0,0.08333333333333333,0.8251046935717264
AAPL,Apple Inc.,2021,4,2021-10-28 17:00:00,management,Q&A,1,42.0,0.8519,0.8519,1.0,1.0,0.0,0.0,0.8106968402862549
AAPL,Apple Inc.,2021,4,2021-10-28 17:00:00,other,Prepared Remarks,10,52.0,0.83201,0.87615,0.8,0.9,0.1,0.0,0.8724852442741394
AAPL,Apple Inc.,2022,1,2022-01-27 17:00:00,analyst,Q&A,6,172.5,0.9077333333333334,0.9206000000000001,0.6666666666666666,0.8333333333333334,0.16666666666666666,0.0,0.8455625176429749
AAPL,Apple Inc.,2022,1,2022-01-27 17:00:00,management,Prepared Remarks,11,106.54545454545455,0.8574181818181817,0.959,0.8181818181818182,0.9090909090909091,0.09090909090909091,0.0,0.866299797188152
AAPL,Apple Inc.,2022,1,2022-01-27 17:00:00,management,Q&A,2,63.5,0.97695,0.97695,1.0,1.0,0.0,0.0,0.8880795538425446
AAPL,Apple Inc.,2022,1,2022-01-27 17:00:00,other,Prepared Remarks,10,51.7,0.6392300000000001,0.7648,0.8,0.9,0.1,0.0,0.82794109582901
AAPL,Apple Inc.,2022,2,2022-04-28 17:00:00,analyst,Q&A,9,128.77777777777777,0.8381777777777777,0.8971,0.7777777777777778,0.8888888888888888,0.1111111111111111,0.0,0.8436533543798659
AAPL,Apple Inc.,2022,2,2022-04-28 17:00:00,management,Prepared Remarks,7,141.14285714285714,0.5989000000000001,0.875,0.5714285714285714,0.7142857142857143,0.14285714285714285,0.14285714285714285,0.7604057192802429
AAPL,Apple Inc.,2022,2,2022-04-28 17:00:00,management,Q&A,3,49.0,0.8207,0.8074,1.0,1.0,0.0,0.0,0.7523329456647238
AAPL,Apple Inc.,2022,2,2022-04-28 17:00:00,other,Prepared Remarks,13,66.07692307692308,0.5044538461538461,0.8885,1.0,1.0,0.0,0.0,0.815880679167234
AAPL,Apple Inc.,2022,3,2022-07-28 17:00:00,analyst,Q&A,8,136.375,0.4100375,0.6423,0.875,0.875,0.0,0.125,0.8135149702429771
AAPL,Apple Inc.,2022,3,2022-07-28 17:00:00,management,Prepared Remarks,7,167.71428571428572,0.5397285714285714,0.8591,0.8571428571428571,0.8571428571428571,0.0,0.14285714285714285,0.7226274354117257
AAPL,Apple Inc.,2022,3,2022-07-28 17:00:00,management,Q&A,1,84.0,0.9652,0.9652,1.0,1.0,0.0,0.0,0.83183753490448
AAPL,Apple Inc.,2022,3,2022-07-28 17:00:00,other,Prepared Remarks,13,52.76923076923077,0.38124615384615385,0.4588,1.0,1.0,0.0,0.0,0.8189570949627802
AAPL,Apple Inc.,2022,4,2022-10-27 17:00:00,analyst,Q&A,8,154.125,0.8152,0.8769,0.75,0.875,0.125,0.0,0.8533252738416195
AAPL,Apple Inc.,2022,4,2022-10-27 17:00:00,management,Prepared Remarks,5,242.8,0.97538,0.9735,1.0,1.0,0.0,0.0,0.797848927974701
AAPL,Apple Inc.,2022,4,2022-10-27 17:00:00,management,Q&A,1,86.0,0.9286,0.9286,1.0,1.0,0.0,0.0,0.4466063976287842
AAPL,Apple Inc.,2022,4,2022-10-27 17:00:00,other,Prepared Remarks,12,57.75,0.7192333333333334,0.90395,0.8333333333333334,0.9166666666666666,0.08333333333333333,0.0,0.7720653687914213
AAPL,Apple Inc.,2023,1,2023-02-02 08:00:00,analyst,Q&A,6,186.5,0.8045666666666667,0.8348,0.6666666666666666,0.8333333333333334,0.16666666666666666,0.0,0.7963953415552775
AAPL,Apple Inc.,2023,1,2023-02-02 08:00:00,management,Prepared Remarks,9,147.22222222222223,0.6785777777777778,0.9118,0.7777777777777778,0.8888888888888888,0.1111111111111111,0.0,0.8017215861214532
AAPL,Apple Inc.,2023,1,2023-02-02 08:00:00,other,Prepared Remarks,11,54.09090909090909,0.4572090909090909,0.7906,0.7272727272727273,0.8181818181818182,0.09090909090909091,0.09090909090909091,0.7284481850537387
AAPL,Apple Inc.,2023,2,2023-05-04 17:00:00,analyst,Q&A,12,107.33333333333333,0.84695,0.9068,1.0,1.0,0.0,0.0,0.862544318040212
AAPL,Apple Inc.,2023,2,2023-05-04 17:00:00,management,Prepared Remarks,9,139.44444444444446,0.9024222222222222,0.9587,1.0,1.0,0.0,0.0,0.7646701600816515
AAPL,Apple Inc.,2023,2,2023-05-04 17:00:00,management,Q&A,1,61.0,0.9852,0.9852,1.0,1.0,0.0,0.0,0.8628718256950378
AAPL,Apple Inc.,2023,2,2023-05-04 17:00:00,other,Prepared Remarks,13,41.69230769230769,0.5197846153846154,0.8689,0.23076923076923078,0.6153846153846154,0.38461538461538464,0.0,0.8107105539395258
AAPL,Apple Inc.,2023,3,2023-08-03 17:00:00,analyst,Q&A,5,187.4,0.87848,0.926,1.0,1.0,0.0,0.0,0.8003790974617004
AAPL,Apple Inc.,2023,3,2023-08-03 17:00:00,management,Prepared Remarks,9,138.77777777777777,0.8368333333333333,0.93,0.8888888888888888,0.8888888888888888,0.0,0.1111111111111111,0.7373517586125268
AAPL,Apple Inc.,2023,3,2023-08-03 17:00:00,other,Prepared Remarks,19,50.1578947368421,0.6741263157894737,0.9186,0.5789473684210527,0.7894736842105263,0.21052631578947367,0.0,0.773396727285887
AAPL,Apple Inc.,2023,4,2023-11-02 17:00:00,analyst,Q&A,13,109.38461538461539,0.8238769230769231,0.9337,0.6923076923076923,0.8461538461538461,0.15384615384615385,0.0,0.7898036860502683
AAPL,Apple Inc.,2023,4,2023-11-02 17:00:00,management,Prepared Remarks,6,168.66666666666666,0.7451166666666666,0.8824,0.5,0.6666666666666666,0.16666666666666666,0.16666666666666666,0.8859577576319376
AAPL,Apple Inc.,2023,4,2023-11-02 17:00:00,management,Q&A,2,61.0,0.9853000000000001,0.9853000000000001,1.0,1.0,0.0,0.0,0.8566860258579254
AAPL,Apple Inc.,2023,4,2023-11-02 17:00:00,other,Prepared Remarks,12,58.25,0.8886916666666668,0.9229,0.5,0.75,0.25,0.0,0.7697443117698034
AAPL,Apple Inc.,2024,1,2024-02-01 17:00:00,analyst,Q&A,12,117.0,0.8537083333333334,0.91865,0.6666666666666666,0.8333333333333334,0.16666666666666666,0.0,0.8375464131434759
AAPL,Apple Inc.,2024,1,2024-02-01 17:00:00,management,Prepared Remarks,8,161.875,0.9515875,0.96775,0.25,0.625,0.375,0.0,0.8131804242730141
AAPL,Apple Inc.,2024,1,2024-02-01 17:00:00,management,Q&A,1,58.0,0.7964,0.7964,-1.0,0.0,1.0,0.0,0.5556183457374573
AAPL,Apple Inc.,2024,1,2024-02-01 17:00:00,other,Prepared Remarks,6,45.833333333333336,0.5668,0.9134,0.16666666666666666,0.5,0.3333333333333333,0.16666666666666666,0.8145642975966135
AAPL,Apple Inc.,2024,2,2024-05-02 17:00:00,analyst,Q&A,14,94.14285714285714,0.8964785714285715,0.91635,1.0,1.0,0.0,0.0,0.8668943984167916
AAPL,Apple Inc.,2024,2,2024-05-02 17:00:00,management,Prepared Remarks,7,148.57142857142858,0.9540142857142857,0.9686,0.42857142857142855,0.7142857142857143,0.2857142857142857,0.0,0.7885872040476117
AAPL,Apple Inc.,2024,2,2024-05-02 17:00:00,other,Prepared Remarks,15,47.06666666666667,0.7310266666666666,0.8979,0.8,0.8666666666666667,0.06666666666666667,0.06666666666666667,0.8090126117070516
AAPL,Apple Inc.,2024,3,2024-08-01 17:00:00,analyst,Q&A,7,127.57142857142857,0.8716857142857143,0.9246,1.0,1.0,0.0,0.0,0.8629860026495797
AAPL,Apple Inc.,2024,3,2024-08-01 17:00:00,management,Prepared Remarks,9,135.11111111111111,0.8986111111111111,0.9552,0.7777777777777778,0.8888888888888888,0.1111111111111111,0.0,0.8229938281906976
AAPL,Apple Inc.,2024,3,2024-08-01 17:00:00,other,Prepared Remarks,18,54.5,0.8633333333333333,0.95065,0.3333333333333333,0.6666666666666666,0.3333333333333333,0.0,0.7748953865634071
AAPL,Apple Inc.,2024,4,2024-10-31 17:00:00,analyst,Q&A,11,102.63636363636364,0.9122181818181818,0.9485,0.6363636363636364,0.8181818181818182,0.18181818181818182,0.0,0.8572744022716176
AAPL,Apple Inc.,2024,4,2024-10-31 17:00:00,management,Prepared Remarks,8,160.625,0.8818,0.9460999999999999,1.0,1.0,0.0,0.0,0.8644502907991409
AAPL,Apple Inc.,2024,4,2024-10-31 17:00:00,management,Q&A,1,66.0,0.967,0.967,-1.0,0.0,1.0,0.0,0.7136167883872986
AAPL,Apple Inc.,2024,4,2024-10-31 17:00:00,other,Prepared Remarks,14,44.857142857142854,0.7726928571428572,0.84575,1.0,1.0,0.0,0.0,0.8068869922842298
AAPL,Apple Inc.,2025,1,2025-01-30 17:00:00,analyst,Q&A,11,108.0,0.8211454545454546,0.9559,1.0,1.0,0.0,0.0,0.9043096195567738
AAPL,Apple Inc.,2025,1,2025-01-30 17:00:00,management,Prepared Remarks,9,134.55555555555554,0.8739777777777777,0.8932,0.7777777777777778,0.8888888888888888,0.1111111111111111,0.0,0.8478746546639336
AAPL,Apple Inc.,2025,1,2025-01-30 17:00:00,management,Q&A,3,44.0,0.9151333333333334,0.9442,-0.3333333333333333,0.3333333333333333,0.6666666666666666,0.0,0.7082673708597819
AAPL,Apple Inc.,2025,1,2025-01-30 17:00:00,other,Prepared Remarks,12,45.0,0.8815,0.9078999999999999,0.3333333333333333,0.6666666666666666,0.3333333333333333,0.0,0.8643565575281779
AAPL,Apple Inc.,2025,2,2025-05-01 19:13:00,analyst,Q&A,11,97.45454545454545,0.8860727272727273,0.93,1.0,1.0,0.0,0.0,0.894331693649292
AAPL,Apple Inc.,2025,2,2025-05-01 19:13:00,management,Prepared Remarks,10,144.6,0.7427900000000001,0.8823000000000001,1.0,1.0,0.0,0.0,0.8267772972583771
AAPL,Apple Inc.,2025,2,2025-05-01 19:13:00,management,Q&A,3,41.666666666666664,0.5673666666666667,0.5994,1.0,1.0,0.0,0.0,0.89654940366745
AAPL,Apple Inc.,2025,2,2025-05-01 19:13:00,other,Prepared Remarks,10,42.9,0.6098399999999999,0.7169,0.9,0.9,0.0,0.1,0.7745100259780884
ABBV,AbbVie Inc.,2020,1,2020-05-01 09:00:00,analyst,Q&A,16,94.875,0.8871875,0.909,0.875,0.9375,0.0625,0.0,0.8485989607870579
ABBV,AbbVie Inc.,2020,1,2020-05-01 09:00:00,other,Prepared Remarks,13,261.0,0.8328615384615384,0.9633,0.8461538461538461,0.9230769230769231,0.07692307692307693,0.0,0.819081398156973
ABBV,AbbVie Inc.,2020,2,2020-07-31 09:00:00,analyst,Q&A,16,149.25,0.5759625,0.9269499999999999,0.9375,0.9375,0.0,0.0625,0.8056554421782494
ABBV,AbbVie Inc.,2020,2,2020-07-31 09:00:00,other,Prepared Remarks,15,179.93333333333334,0.9312,0.9764,0.8666666666666667,0.9333333333333333,0.06666666666666667,0.0,0.8472705245018005
ABBV,AbbVie Inc.,2020,3,2020-10-30 09:00:00,analyst,Q&A,19,129.26315789473685,0.8224421052631579,0.9325,0.7894736842105263,0.8947368421052632,0.10526315789473684,0.0,0.8260291406982824
ABBV,AbbVie Inc.,2020,3,2020-10-30 09:00:00,other,Prepared Remarks,18,146.38888888888889,0.8769222222222222,0.9644999999999999,0.7777777777777778,0.8888888888888888,0.1111111111111111,0.0,0.8151181572013431
ABBV,AbbVie Inc.,2020,4,2021-02-03 09:00:00,analyst,Q&A,21,116.28571428571429,0.9072333333333333,0.9678,0.8095238095238095,0.9047619047619048,0.09523809523809523,0.0,0.8471013307571411
ABBV,AbbVie Inc.,2020,4,2021-02-03 09:00:00,management,Q&A,1,38.0,0.7579,0.7579,1.0,1.0,0.0,0.0,0.8962342143058777
ABBV,AbbVie Inc.,2020,4,2021-02-03 09:00:00,other,Prepared Remarks,18,163.83333333333334,0.87825,0.96175,0.7777777777777778,0.8888888888888888,0.1111111111111111,0.0,0.8373083108001285
ABBV,AbbVie Inc.,2021,1,2021-04-30 09:00:00,analyst,Q&A,24,63.0,0.7424458333333334,0.8271,1.0,1.0,0.0,0.0,0.8515289723873138
ABBV,AbbVie Inc.,2021,1,2021-04-30 09:00:00,other,Prepared Remarks,25,135.48,0.9287839999999999,0.9378,0.52,0.76,0.24,0.0,0.7567058849334717
ABBV,AbbVie Inc.,2021,2,2021-07-30 09:00:00,analyst,Q&A,27,87.66666666666667,0.9293222222222222,0.9698,0.9259259259259259,0.9629629629629629,0.037037037037037035,0.0,0.8232701619466146
ABBV,AbbVie Inc.,2021,2,2021-07-30 09:00:00,management,Q&A,1,59.0,0.8481,0.8481,1.0,1.0,0.0,0.0,0.9062301516532898
ABBV,AbbVie Inc.,2021,2,2021-07-30 09:00:00,other,Prepared Remarks,13,199.76923076923077,0.8977461538461539,0.9726,1.0,1.0,0.0,0.0,0.778973794900454
ABBV,AbbVie Inc.,2021,3,2021-10-29 09:00:00,analyst,Q&A,19,100.57894736842105,0.9048736842105263,0.9716,1.0,1.0,0.0,0.0,0.8708629012107849
ABBV,AbbVie Inc.,2021,3,2021-10-29 09:00:00,management,Prepared Remarks,1,38.0,0.9764,0.9764,1.0,1.0,0.0,0.0,0.8844179511070251
ABBV,AbbVie Inc.,2021,3,2021-10-29 09:00:00,other,Prepared Remarks,20,157.65,0.8539899999999999,0.9679,0.7,0.85,0.15,0.0,0.8317670553922654
ABBV,AbbVie Inc.,2021,4,2022-02-02 09:00:00,analyst,Q&A,22,82.22727272727273,0.8672909090909091,0.95275,1.0,1.0,0.0,0.0,0.820929004387422
ABBV,AbbVie Inc.,2021,4,2022-02-02 09:00:00,other,Prepared Remarks,20,175.4,0.8332,0.95485,0.6,0.8,0.2,0.0,0.7935312658548355
ABBV,AbbVie Inc.,2022,1,2022-04-29 09:00:00,analyst,Q&A,24,91.75,0.8689874999999999,0.96875,1.0,1.0,0.0,0.0,0.8615723177790642
ABBV,AbbVie Inc.,2022,1,2022-04-29 09:00:00,operator,Q&A,1,32.0,0.872,0.872,1.0,1.0,0.0,0.0,0.936834990978241
ABBV,AbbVie Inc.,2022,1,2022-04-29 09:00:00,other,Prepared Remarks,13,186.69230769230768,0.7225384615384616,0.93,0.6923076923076923,0.8461538461538461,0.15384615384615385,0.0,0.7793200153570908
ABBV,AbbVie Inc.,2022,2,2022-07-29 09:00:00,analyst,Q&A,24,102.58333333333333,0.7294875,0.91325,0.9166666666666666,0.9583333333333334,0.041666666666666664,0.0,0.8457055613398552
ABBV,AbbVie Inc.,2022,2,2022-07-29 09:00:00,other,Prepared Remarks,16,169.0,0.898475,0.9740500000000001,0.625,0.8125,0.1875,0.0,0.787500649690628
ABBV,AbbVie Inc.,2022,3,2022-10-28 09:00:00,analyst,Q&A,20,82.4,0.852455,0.95865,0.9,0.95,0.05,0.0,0.8288299426436424
ABBV,AbbVie Inc.,2022,3,2022-10-28 09:00:00,other,Prepared Remarks,15,177.8,0.8677733333333334,0.9571,0.6,0.8,0.2,0.0,0.8149024208386739
ABBV,AbbVie Inc.,2022,4,2023-02-09 09:00:00,analyst,Q&A,26,70.1923076923077,0.67765,0.8693500000000001,0.7692307692307693,0.8846153846153846,0.11538461538461539,0.0,0.8529621316836431
ABBV,AbbVie Inc.,2022,4,2023-02-09 09:00:00,other,Prepared Remarks,29,149.58620689655172,0.768303448275862,0.9453,0.8620689655172413,0.9310344827586207,0.06896551724137931,0.0,0.8217714305581718
ABBV,AbbVie Inc.,2023,1,2023-04-27 09:00:00,analyst,Q&A,10,43.7,0.45572,0.68965,0.8,0.9,0.1,0.0,0.7792433261871338
ABBV,AbbVie Inc.,2023,1,2023-04-27 09:00:00,other,Prepared Remarks,14,43.642857142857146,0.6895071428571429,0.82205,0.07142857142857142,0.5,0.42857142857142855,0.07142857142857142,0.8083196559122631
ABBV,AbbVie Inc.,2023,2,2023-07-27 09:00:00,analyst,Q&A,20,67.9,0.7402949999999999,0.9078999999999999,0.9,0.95,0.05,0.0,0.8620790213346481
ABBV,AbbVie Inc.,2023,2,2023-07-27 09:00:00,operator,Prepared Remarks,1,69.0,0.6369,0.6369,1.0,1.0,0.0,0.0,0.9390467405319214
ABBV,AbbVie Inc.,2023,2,2023-07-27 09:00:00,other,Prepared Remarks,22,165.3181818181818,0.8886681818181817,0.98115,0.4090909090909091,0.6818181818181818,0.2727272727272727,0.045454545454545456,0.7434478551149368
ABBV,AbbVie Inc.,2023,3,2023-10-27 09:00:00,analyst,Q&A,18,96.05555555555556,0.6607,0.9136500000000001,0.8888888888888888,0.9444444444444444,0.05555555555555555,0.0,0.8442365841733085
ABBV,AbbVie Inc.,2023,3,2023-10-27 09:00:00,management,Prepared Remarks,1,34.0,-0.2263,-0.2263,1.0,1.0,0.0,0.0,0.9049252271652222
ABBV,AbbVie Inc.,2023,3,2023-10-27 09:00:00,other,Prepared Remarks,18,157.5,0.7175777777777778,0.9793000000000001,0.6666666666666666,0.8333333333333334,0.16666666666666666,0.0,0.7430944806999631
ABBV,AbbVie Inc.,2023,4,2024-02-02 09:00:00,analyst,Q&A,20,79.45,0.90323,0.97285,0.8,0.9,0.1,0.0,0.814637404680252
ABBV,AbbVie Inc.,2023,4,2024-02-02 09:00:00,management,Q&A,1,33.0,0.9201,0.9201,1.0,1.0,0.0,0.0,0.8535363078117371
ABBV,AbbVie Inc.,2023,4,2024-02-02 09:00:00,operator,Q&A,1,34.0,0.9081,0.9081,1.0,1.0,0.0,0.0,0.9078142642974854
ABBV,AbbVie Inc.,2023,4,2024-02-02 09:00:00,other,Prepared Remarks,21,169.33333333333334,0.9113714285714286,0.9723,0.5238095238095238,0.7619047619047619,0.23809523809523808,0.0,0.8338446191379002
ABBV,AbbVie Inc.,2024,1,2024-04-26 09:00:00,analyst,Q&A,16,85.0,0.7370125,0.93655,0.875,0.9375,0.0625,0.0,0.8377704843878746
ABBV,AbbVie Inc.,2024,1,2024-04-26 09:00:00,operator,Q&A,1,32.0,0.872,0.872,1.0,1.0,0.0,0.0,0.9240348935127258
ABBV,AbbVie Inc.,2024,1,2024-04-26 09:00:00,other,Prepared Remarks,25,139.28,0.839904,0.9246,0.8,0.88,0.08,0.04,0.7793051433563233
ABBV,AbbVie Inc.,2024,2,2024-07-25 09:00:00,analyst,Q&A,23,80.30434782608695,0.9275347826086957,0.9623,0.9130434782608695,0.9565217391304348,0.043478260869565216,0.0,0.8010953327883845
ABBV,AbbVie Inc.,2024,2,2024-07-25 09:00:00,other,Prepared Remarks,15,174.93333333333334,0.80468,0.9081,0.4666666666666667,0.7333333333333333,0.26666666666666666,0.0,0.7275518536567688
ABBV,AbbVie Inc.,2024,3,2024-10-30 09:00:00,analyst,Q&A,15,78.06666666666666,0.88576,0.9592,1.0,1.0,0.0,0.0,0.803398597240448
ABBV,AbbVie Inc.,2024,3,2024-10-30 09:00:00,other,Prepared Remarks,14,213.28571428571428,0.8474142857142857,0.9797,0.2857142857142857,0.6428571428571429,0.35714285714285715,0.0,0.7329320524420057
ABBV,AbbVie Inc.,2024,4,2025-01-31 03:00:00,analyst,Q&A,27,67.77777777777777,0.7865185185185185,0.9531,0.9259259259259259,0.9629629629629629,0.037037037037037035,0.0,0.8223263488875495
ABBV,AbbVie Inc.,2024,4,2025-01-31 03:00:00,operator,Q&A,1,32.0,0.872,0.872,1.0,1.0,0.0,0.0,0.931213915348053
ABBV,AbbVie Inc.,2024,4,2025-01-31 03:00:00,other,Prepared Remarks,18,179.22222222222223,0.8632222222222222,0.95105,0.4444444444444444,0.7222222222222222,0.2777777777777778,0.0,0.7887082927756839
ABBV,AbbVie Inc.,2025,1,2025-04-25 21:00:00,analyst,Q&A,19,70.15789473684211,0.7418473684210527,0.9042,1.0,1.0,0.0,0.0,0.8481899499893188
ABBV,AbbVie Inc.,2025,1,2025-04-25 21:00:00,other,Prepared Remarks,22,152.6818181818182,0.9320636363636364,0.98075,0.6363636363636364,0.8181818181818182,0.18181818181818182,0.0,0.81018573587591
ABNB,"Airbnb, Inc.",2020,4,2021-02-25 17:00:00,analyst,Q&A,19,160.94736842105263,0.9463263157894737,0.9855,1.0,1.0,0.0,0.0,0.8748285613561931
ABNB,"Airbnb, Inc.",2020,4,2021-02-25 17:00:00,other,Prepared Remarks,13,61.61538461538461,0.9003846153846153,0.9716,1.0,1.0,0.0,0.0,0.8732695717077988
ABNB,"Airbnb, Inc.",2021,1,2021-05-13 17:00:00,analyst,Q&A,19,113.26315789473684,0.8355421052631579,0.967,1.0,1.0,0.0,0.0,0.8701361794220773
ABNB,"Airbnb, Inc.",2021,1,2021-05-13 17:00:00,other,Prepared Remarks,17,83.76470588235294,0.912064705882353,0.9559,0.6470588235294118,0.8235294117647058,0.17647058823529413,0.0,0.840543599689708
ABNB,"Airbnb, Inc.",2021,2,2021-08-12 17:00:00,analyst,Q&A,9,160.55555555555554,0.9587222222222223,0.984,1.0,1.0,0.0,0.0,0.863065607017941
ABNB,"Airbnb, Inc.",2021,2,2021-08-12 17:00:00,other,Prepared Remarks,27,72.25925925925925,0.9096222222222222,0.9666,0.6666666666666666,0.8148148148148148,0.14814814814814814,0.037037037037037035,0.8288766896283185
ABNB,"Airbnb, Inc.",2021,3,2021-11-04 17:30:00,analyst,Q&A,13,141.23076923076923,0.8774153846153846,0.9831,0.8461538461538461,0.9230769230769231,0.07692307692307693,0.0,0.8542223435181838
ABNB,"Airbnb, Inc.",2021,3,2021-11-04 17:30:00,other,Prepared Remarks,19,83.89473684210526,0.916721052631579,0.9657,0.7894736842105263,0.8947368421052632,0.10526315789473684,0.0,0.8618107594941792
ABNB,"Airbnb, Inc.",2021,4,2022-02-15 17:30:00,analyst,Q&A,11,202.72727272727272,0.9532454545454545,0.9888,1.0,1.0,0.0,0.0,0.8713445419614966
ABNB,"Airbnb, Inc.",2021,4,2022-02-15 17:30:00,other,Prepared Remarks,24,68.375,0.8603958333333334,0.9494,0.75,0.875,0.125,0.0,0.8285452748338381
ABNB,"Airbnb, Inc.",2022,1,2022-05-03 14:20:00,analyst,Q&A,19,151.05263157894737,0.957,0.9652,1.0,1.0,0.0,0.0,0.8869936215250116
ABNB,"Airbnb, Inc.",2022,1,2022-05-03 14:20:00,other,Prepared Remarks,13,85.92307692307692,0.9589,0.9758,0.8461538461538461,0.9230769230769231,0.07692307692307693,0.0,0.8058234178102933
ABNB,"Airbnb, Inc.",2022,2,2022-08-02 16:30:00,analyst,Q&A,13,138.53846153846155,0.947176923076923,0.9886,1.0,1.0,0.0,0.0,0.8796874697391803
ABNB,"Airbnb, Inc.",2022,2,2022-08-02 16:30:00,other,Prepared Remarks,22,66.22727272727273,0.9527727272727272,0.9608,0.45454545454545453,0.7272727272727273,0.2727272727272727,0.0,0.7952855324203317
ABNB,"Airbnb, Inc.",2022,3,2022-11-01 16:30:00,analyst,Q&A,24,101.33333333333333,0.9169499999999999,0.96665,1.0,1.0,0.0,0.0,0.8805993845065435
ABNB,"Airbnb, Inc.",2022,3,2022-11-01 16:30:00,other,Prepared Remarks,23,69.65217391304348,0.9013260869565217,0.9607,0.8260869565217391,0.9130434782608695,0.08695652173913043,0.0,0.8117830831071605
ABNB,"Airbnb, Inc.",2022,4,2023-02-14 16:30:00,analyst,Q&A,8,138.0,0.9177375,0.9825999999999999,1.0,1.0,0.0,0.0,0.8477503806352615
ABNB,"Airbnb, Inc.",2022,4,2023-02-14 16:30:00,other,Prepared Remarks,35,75.22857142857143,0.9217085714285714,0.9633,0.7142857142857143,0.8571428571428571,0.14285714285714285,0.0,0.8155330555779593
ABNB,"Airbnb, Inc.",2023,1,2023-05-09 12:30:00,analyst,Q&A,9,165.88888888888889,0.9061666666666667,0.9261,1.0,1.0,0.0,0.0,0.850841052002377
ABNB,"Airbnb, Inc.",2023,1,2023-05-09 12:30:00,other,Prepared Remarks,27,100.66666666666667,0.894862962962963,0.9874,0.7777777777777778,0.8888888888888888,0.1111111111111111,0.0,0.8370880661187349
ABNB,"Airbnb, Inc.",2023,2,2023-08-03 16:30:00,analyst,Q&A,13,148.76923076923077,0.9240076923076923,0.959,1.0,1.0,0.0,0.0,0.8316839429048392
ABNB,"Airbnb, Inc.",2023,2,2023-08-03 16:30:00,other,Prepared Remarks,16,88.3125,0.96513125,0.9742500000000001,0.75,0.875,0.125,0.0,0.8229311816394329
ABNB,"Airbnb, Inc.",2023,3,2023-11-01 16:30:00,analyst,Q&A,13,153.76923076923077,0.9247076923076923,0.984,0.8461538461538461,0.9230769230769231,0.07692307692307693,0.0,0.8546556990880233
ABNB,"Airbnb, Inc.",2023,3,2023-11-01 16:30:00,other,Prepared Remarks,22,85.72727272727273,0.9185363636363636,0.97315,0.9090909090909091,0.9545454545454546,0.045454545454545456,0.0,0.821987962180918
ABNB,"Airbnb, Inc.",2023,4,2024-02-13 16:30:00,analyst,Q&A,14,117.71428571428571,0.923042857142857,0.9398,1.0,1.0,0.0,0.0,0.8556736069066184
ABNB,"Airbnb, Inc.",2023,4,2024-02-13 16:30:00,other,Prepared Remarks,24,85.83333333333333,0.9631166666666666,0.9747,0.625,0.7916666666666666,0.16666666666666666,0.041666666666666664,0.7709854481120905
ABNB,"Airbnb, Inc.",2024,1,2024-05-08 16:30:00,analyst,Q&A,19,119.05263157894737,0.9529368421052631,0.9726,0.8947368421052632,0.9473684210526315,0.05263157894736842,0.0,0.8702907970077113
ABNB,"Airbnb, Inc.",2024,1,2024-05-08 16:30:00,other,Prepared Remarks,15,103.66666666666667,0.94646,0.9588,0.8666666666666667,0.9333333333333333,0.06666666666666667,0.0,0.8293702026208242
ABNB,"Airbnb, Inc.",2024,2,2024-08-06 16:30:00,analyst,Q&A,19,144.21052631578948,0.9502526315789473,0.9776,0.8947368421052632,0.9473684210526315,0.05263157894736842,0.0,0.8663531886903864
ABNB,"Airbnb, Inc.",2024,2,2024-08-06 16:30:00,other,Prepared Remarks,14,88.71428571428571,0.9177142857142858,0.94425,0.9285714285714286,0.9285714285714286,0.0,0.07142857142857142,0.8432741420609611
ABNB,"Airbnb, Inc.",2024,3,2024-11-07 16:30:00,analyst,Q&A,17,166.7058823529412,0.8953117647058824,0.9545,1.0,1.0,0.0,0.0,0.8941135090940139
ABNB,"Airbnb, Inc.",2024,3,2024-11-07 16:30:00,other,Prepared Remarks,8,90.875,0.9653125,0.9807,0.75,0.875,0.125,0.0,0.8134463578462601
ABNB,"Airbnb, Inc.",2024,4,2025-02-13 16:30:00,analyst,Q&A,16,96.5625,0.97075,0.9730000000000001,0.75,0.875,0.125,0.0,0.8579956032335758
ABNB,"Airbnb, Inc.",2024,4,2025-02-13 16:30:00,other,Prepared Remarks,21,130.1904761904762,0.964,0.9825,0.8095238095238095,0.9047619047619048,0.09523809523809523,0.0,0.8301502806799752
ABNB,"Airbnb, Inc.",2025,1,2025-05-01 17:00:00,analyst,Q&A,15,117.06666666666666,0.9063266666666667,0.9468,0.8666666666666667,0.9333333333333333,0.06666666666666667,0.0,0.8350962956746419
ABNB,"Airbnb, Inc.",2025,1,2025-05-01 17:00:00,other,Prepared Remarks,17,99.0,0.9358764705882353,0.9681,0.8235294117647058,0.8823529411764706,0.058823529411764705,0.058823529411764705,0.8400190788156846
ABT,Abbott Laboratories,2020,1,2020-04-15 22:45:00,analyst,Q&A,9,42.888888888888886,0.6680111111111111,0.738,1.0,1.0,0.0,0.0,0.8712408145268759
ABT,Abbott Laboratories,2020,1,2020-04-15 22:45:00,operator,Q&A,1,34.0,0.8126,0.8126,1.0,1.0,0.0,0.0,0.9393433928489684
ABT,Abbott Laboratories,2020,1,2020-04-15 22:45:00,other,Prepared Remarks,12,48.083333333333336,0.8567166666666667,0.8868,0.8333333333333334,0.9166666666666666,0.08333333333333333,0.0,0.7919810290137926
ABT,Abbott Laboratories,2020,2,2020-07-15 22:45:00,analyst,Q&A,2,36.5,0.9426,0.9426,1.0,1.0,0.0,0.0,0.9156128466129302
ABT,Abbott Laboratories,2020,2,2020-07-15 22:45:00,operator,Q&A,1,35.0,0.8126,0.8126,1.0,1.0,0.0,0.0,0.9387171268463136
ABT,Abbott Laboratories,2020,2,2020-07-15 22:45:00,other,Prepared Remarks,10,37.9,0.83538,0.8734,1.0,1.0,0.0,0.0,0.8497477948665619
ABT,Abbott Laboratories,2020,3,2020-10-20 23:00:00,analyst,Q&A,6,33.666666666666664,0.70275,0.8419000000000001,1.0,1.0,0.0,0.0,0.7108879834413528
ABT,Abbott Laboratories,2020,3,2020-10-20 23:00:00,operator,Q&A,1,34.0,0.8126,0.8126,1.0,1.0,0.0,0.0,0.9393433928489684
ABT,Abbott Laboratories,2020,3,2020-10-20 23:00:00,other,Prepared Remarks,12,34.833333333333336,0.869075,0.9354,0.4166666666666667,0.6666666666666666,0.25,0.08333333333333333,0.7658159111936887
ABT,Abbott Laboratories,2020,4,2021-01-26 22:45:00,analyst,Q&A,4,43.75,0.62085,0.8657,1.0,1.0,0.0,0.0,0.8752725720405579
ABT,Abbott Laboratories,2020,4,2021-01-26 22:45:00,operator,Q&A,1,35.0,0.8126,0.8126,1.0,1.0,0.0,0.0,0.93917578458786
ABT,Abbott Laboratories,2020,4,2021-01-26 22:45:00,other,Prepared Remarks,11,39.09090909090909,0.8386727272727273,0.9169,0.7272727272727273,0.8181818181818182,0.09090909090909091,0.09090909090909091,0.7892273285172202
ABT,Abbott Laboratories,2021,1,2021-04-19 23:00:00,analyst,Q&A,2,50.0,0.9754,0.9754,0.0,0.5,0.5,0.0,0.7763960659503937
ABT,Abbott Laboratories,2021,1,2021-04-19 23:00:00,operator,Q&A,1,34.0,0.8126,0.8126,1.0,1.0,0.0,0.0,0.9393433928489684
ABT,Abbott Laboratories,2021,1,2021-04-19 23:00:00,other,Prepared Remarks,8,34.25,0.863175,0.864,0.75,0.875,0.125,0.0,0.8101966008543968
ABT,Abbott Laboratories,2021,2,2021-07-21 23:15:00,analyst,Q&A,6,47.166666666666664,0.6907,0.8507,1.0,1.0,0.0,0.0,0.7938329875469208
ABT,Abbott Laboratories,2021,2,2021-07-21 23:15:00,other,Prepared Remarks,15,50.8,0.8828333333333334,0.967,0.8666666666666667,0.9333333333333333,0.06666666666666667,0.0,0.787438440322876
ABT,Abbott Laboratories,2021,3,2021-10-19 23:00:00,analyst,Q&A,4,32.0,0.841425,0.8150999999999999,1.0,1.0,0.0,0.0,0.8790397346019745
ABT,Abbott Laboratories,2021,3,2021-10-19 23:00:00,other,Prepared Remarks,20,36.65,0.8242100000000001,0.88975,0.7,0.85,0.15,0.0,0.8130357921123504
ABT,Abbott Laboratories,2021,4,2022-01-25 23:00:00,analyst,Q&A,5,40.0,0.83382,0.93,0.6,0.8,0.2,0.0,0.7599684357643127
ABT,Abbott Laboratories,2021,4,2022-01-25 23:00:00,operator,Q&A,1,35.0,0.8126,0.8126,1.0,1.0,0.0,0.0,0.93917578458786
ABT,Abbott Laboratories,2021,4,2022-01-25 23:00:00,other,Prepared Remarks,11,38.90909090909091,0.6867545454545455,0.9153,0.18181818181818182,0.5454545454545454,0.36363636363636365,0.09090909090909091,0.7719125801866705
ABT,Abbott Laboratories,2022,1,2022-04-19 23:00:00,analyst,Q&A,6,35.166666666666664,0.5206,0.7504,-0.16666666666666666,0.3333333333333333,0.5,0.16666666666666666,0.7431543618440628
ABT,Abbott Laboratories,2022,1,2022-04-19 23:00:00,operator,Q&A,1,34.0,0.8126,0.8126,1.0,1.0,0.0,0.0,0.9365869164466858
ABT,Abbott Laboratories,2022,1,2022-04-19 23:00:00,other,Prepared Remarks,9,39.111111111111114,0.7966888888888888,0.8834,0.1111111111111111,0.5555555555555556,0.4444444444444444,0.0,0.7732057902548048
ABT,Abbott Laboratories,2022,2,2022-07-19 23:00:00,analyst,Q&A,1,32.0,0.956,0.956,1.0,1.0,0.0,0.0,0.7926161885261536
ABT,Abbott Laboratories,2022,2,2022-07-19 23:00:00,other,Prepared Remarks,5,33.4,0.78548,0.8176,0.2,0.6,0.4,0.0,0.8489068865776062
ABT,Abbott Laboratories,2022,3,2022-10-18 23:00:00,analyst,Q&A,2,40.5,0.89525,0.89525,1.0,1.0,0.0,0.0,0.8871111869812012
ABT,Abbott Laboratories,2022,3,2022-10-18 23:00:00,operator,Q&A,1,44.0,0.872,0.872,1.0,1.0,0.0,0.0,0.940047323703766
ABT,Abbott Laboratories,2022,3,2022-10-18 23:00:00,other,Prepared Remarks,13,33.46153846153846,0.7643923076923078,0.8225,0.8461538461538461,0.9230769230769231,0.07692307692307693,0.0,0.8609901850040143
ABT,Abbott Laboratories,2022,4,2023-01-24 22:45:00,analyst,Q&A,3,41.666666666666664,0.8576333333333332,0.8442,1.0,1.0,0.0,0.0,0.8340264558792114
ABT,Abbott Laboratories,2022,4,2023-01-24 22:45:00,operator,Q&A,1,35.0,0.8126,0.8126,1.0,1.0,0.0,0.0,0.93917578458786
ABT,Abbott Laboratories,2022,4,2023-01-24 22:45:00,other,Prepared Remarks,11,41.81818181818182,0.7324636363636364,0.91,0.7272727272727273,0.8181818181818182,0.09090909090909091,0.09090909090909091,0.8405088619752363
ABT,Abbott Laboratories,2023,1,2023-04-18 23:00:00,analyst,Q&A,5,45.8,0.66628,0.5719,1.0,1.0,0.0,0.0,0.8589931130409241
ABT,Abbott Laboratories,2023,1,2023-04-18 23:00:00,operator,Q&A,1,34.0,0.8126,0.8126,1.0,1.0,0.0,0.0,0.9393433928489684
ABT,Abbott Laboratories,2023,1,2023-04-18 23:00:00,other,Prepared Remarks,21,43.285714285714285,0.8652380952380954,0.9432,0.3333333333333333,0.6666666666666666,0.3333333333333333,0.0,0.7790658615884327
ABT,Abbott Laboratories,2023,2,2023-07-19 23:00:00,analyst,Q&A,4,35.0,-0.024825000000000014,0.04780000000000001,0.75,0.75,0.0,0.25,0.8500432372093201
ABT,Abbott Laboratories,2023,2,2023-07-19 23:00:00,other,Prepared Remarks,8,35.625,0.883325,0.9400999999999999,0.25,0.625,0.375,0.0,0.7879844009876251
ABT,Abbott Laboratories,2023,3,2023-10-17 23:00:00,analyst,Q&A,4,36.5,0.866,0.87295,1.0,1.0,0.0,0.0,0.8426237255334854
ABT,Abbott Laboratories,2023,3,2023-10-17 23:00:00,other,Prepared Remarks,13,41.92307692307692,0.8014461538461538,0.9485,0.07692307692307693,0.5384615384615384,0.46153846153846156,0.0,0.7939650416374207
ABT,Abbott Laboratories,2023,4,2024-01-23 23:15:00,analyst,Q&A,2,39.5,0.9362,0.9362,0.0,0.5,0.5,0.0,0.698882132768631
ABT,Abbott Laboratories,2023,4,2024-01-23 23:15:00,operator,Q&A,1,35.0,0.8126,0.8126,1.0,1.0,0.0,0.0,0.93917578458786
ABT,Abbott Laboratories,2023,4,2024-01-23 23:15:00,other,Prepared Remarks,10,48.8,0.9214800000000001,0.94645,0.5,0.7,0.2,0.1,0.7737305343151093
ABT,Abbott Laboratories,2024,1,2024-04-17 09:00:00,analyst,Q&A,16,135.3125,0.95106875,0.9718500000000001,0.875,0.9375,0.0625,0.0,0.8567496351897717
ABT,Abbott Laboratories,2024,1,2024-04-17 09:00:00,operator,Q&A,1,48.0,0.872,0.872,1.0,1.0,0.0,0.0,0.9418364763259888
ABT,Abbott Laboratories,2024,1,2024-04-17 09:00:00,other,Prepared Remarks,6,198.33333333333334,0.8215333333333333,0.98665,0.8333333333333334,0.8333333333333334,0.0,0.16666666666666666,0.8272100687026978
ABT,Abbott Laboratories,2024,2,2024-07-18 09:00:00,analyst,Q&A,15,80.8,0.9320533333333334,0.946,0.7333333333333333,0.8666666666666667,0.13333333333333333,0.0,0.8305153767267863
ABT,Abbott Laboratories,2024,2,2024-07-18 09:00:00,operator,Q&A,1,58.0,0.872,0.872,1.0,1.0,0.0,0.0,0.9396648406982422
ABT,Abbott Laboratories,2024,2,2024-07-18 09:00:00,other,Prepared Remarks,11,191.54545454545453,0.9733363636363636,0.9934,0.8181818181818182,0.9090909090909091,0.09090909090909091,0.0,0.8397816907275807
ABT,Abbott Laboratories,2024,3,2024-10-16 09:00:00,analyst,Q&A,10,161.9,0.89375,0.954,1.0,1.0,0.0,0.0,0.8608593642711639
ABT,Abbott Laboratories,2024,3,2024-10-16 09:00:00,operator,Q&A,1,48.0,0.872,0.872,1.0,1.0,0.0,0.0,0.9422094821929932
ABT,Abbott Laboratories,2024,3,2024-10-16 09:00:00,other,Prepared Remarks,8,210.375,0.9621625,0.994,1.0,1.0,0.0,0.0,0.8264139220118523
ABT,Abbott Laboratories,2024,4,2025-01-22 09:30:00,analyst,Q&A,16,126.0625,0.91505,0.9795,0.75,0.875,0.125,0.0,0.7997545283287764
ABT,Abbott Laboratories,2024,4,2025-01-22 09:30:00,operator,Q&A,1,49.0,0.872,0.872,1.0,1.0,0.0,0.0,0.942097306251526
ABT,Abbott Laboratories,2024,4,2025-01-22 09:30:00,other,Prepared Remarks,7,187.14285714285714,0.7817,0.9876,0.7142857142857143,0.8571428571428571,0.14285714285714285,0.0,0.8344037277357919
ABT,Abbott Laboratories,2025,1,2025-04-16 09:00:00,analyst,Q&A,15,137.0,0.92938,0.9786,0.7333333333333333,0.8666666666666667,0.13333333333333333,0.0,0.7964301983515422
ABT,Abbott Laboratories,2025,1,2025-04-16 09:00:00,operator,Q&A,2,48.0,0.7814,0.7814,1.0,1.0,0.0,0.0,0.9345085620880127
ABT,Abbott Laboratories,2025,1,2025-04-16 09:00:00,other,Prepared Remarks,10,144.1,0.93696,0.9899,0.8,0.9,0.1,0.0,0.8242080807685852
ACGL,Arch Capital Group Ltd.,2020,1,2020-05-05 11:00:00,analyst,Q&A,18,110.94444444444444,0.48712777777777777,0.7112,1.0,1.0,0.0,0.0,0.8992668622069888
ACGL,Arch Capital Group Ltd.,2020,1,2020-05-05 11:00:00,operator,Q&A,1,42.0,0.8074,0.8074,1.0,1.0,0.0,0.0,0.9358261227607728
ACGL,Arch Capital Group Ltd.,2020,1,2020-05-05 11:00:00,other,Prepared Remarks,24,79.04166666666667,0.4467541666666666,0.5784,0.7083333333333334,0.7916666666666666,0.08333333333333333,0.125,0.8214881916840872
ACGL,Arch Capital Group Ltd.,2020,2,2020-08-02 11:00:00,analyst,Q&A,7,187.42857142857142,0.8673571428571429,0.9201,1.0,1.0,0.0,0.0,0.8457127128328595
ACGL,Arch Capital Group Ltd.,2020,2,2020-08-02 11:00:00,operator,Q&A,1,43.0,0.8074,0.8074,1.0,1.0,0.0,0.0,0.9371718168258668
ACGL,Arch Capital Group Ltd.,2020,2,2020-08-02 11:00:00,other,Prepared Remarks,27,73.70370370370371,0.7900555555555556,0.872,0.7037037037037037,0.8148148148148148,0.1111111111111111,0.07407407407407407,0.8228050944981752
ACGL,Arch Capital Group Ltd.,2020,3,2020-10-30 11:00:00,analyst,Q&A,13,148.30769230769232,0.7897846153846153,0.9468,1.0,1.0,0.0,0.0,0.8674568121249859
ACGL,Arch Capital Group Ltd.,2020,3,2020-10-30 11:00:00,other,Prepared Remarks,17,55.470588235294116,0.8350235294117647,0.9136,0.9411764705882353,0.9411764705882353,0.0,0.058823529411764705,0.8202993554227492
ACGL,Arch Capital Group Ltd.,2020,4,2021-02-11 08:00:00,analyst,Q&A,7,125.14285714285714,0.7925285714285714,0.872,0.7142857142857143,0.8571428571428571,0.14285714285714285,0.0,0.8237124979496002
ACGL,Arch Capital Group Ltd.,2020,4,2021-02-11 08:00:00,operator,Prepared Remarks,1,30.0,0.8074,0.8074,1.0,1.0,0.0,0.0,0.9326459765434264
ACGL,Arch Capital Group Ltd.,2020,4,2021-02-11 08:00:00,other,Prepared Remarks,22,93.72727272727273,0.8754909090909091,0.9109,1.0,1.0,0.0,0.0,0.8459311561150984
ACGL,Arch Capital Group Ltd.,2021,1,2021-04-28 11:00:00,analyst,Q&A,13,110.84615384615384,0.8534,0.8901,1.0,1.0,0.0,0.0,0.8391195856607877
ACGL,Arch Capital Group Ltd.,2021,1,2021-04-28 11:00:00,operator,Prepared Remarks,1,30.0,0.8074,0.8074,1.0,1.0,0.0,0.0,0.9347097873687744
ACGL,Arch Capital Group Ltd.,2021,1,2021-04-28 11:00:00,other,Prepared Remarks,16,100.0,0.89299375,0.9338500000000001,0.625,0.8125,0.1875,0.0,0.8317153938114643
ACGL,Arch Capital Group Ltd.,2021,2,2021-08-01 11:00:00,analyst,Q&A,11,114.36363636363636,0.8149909090909091,0.9313,0.9090909090909091,0.9090909090909091,0.0,0.09090909090909091,0.7979525652798739
ACGL,Arch Capital Group Ltd.,2021,2,2021-08-01 11:00:00,operator,Q&A,1,43.0,0.8074,0.8074,1.0,1.0,0.0,0.0,0.9371718168258668
ACGL,Arch Capital Group Ltd.,2021,2,2021-08-01 11:00:00,other,Prepared Remarks,12,106.08333333333333,0.7310166666666666,0.91075,0.6666666666666666,0.8333333333333334,0.16666666666666666,0.0,0.8438400775194168
ACGL,Arch Capital Group Ltd.,2021,3,2021-10-28 11:00:00,analyst,Q&A,13,107.15384615384616,0.6228461538461538,0.875,1.0,1.0,0.0,0.0,0.8691842876947843
ACGL,Arch Capital Group Ltd.,2021,3,2021-10-28 11:00:00,operator,Q&A,1,42.0,0.8074,0.8074,1.0,1.0,0.0,0.0,0.9357830286026
ACGL,Arch Capital Group Ltd.,2021,3,2021-10-28 11:00:00,other,Prepared Remarks,21,92.52380952380952,0.8481952380952381,0.9559,0.8095238095238095,0.9047619047619048,0.09523809523809523,0.0,0.8173380238669259
ACGL,Arch Capital Group Ltd.,2021,4,2022-02-10 11:00:00,analyst,Q&A,10,128.6,0.71035,0.8862000000000001,1.0,1.0,0.0,0.0,0.8788211405277252
ACGL,Arch Capital Group Ltd.,2021,4,2022-02-10 11:00:00,operator,Q&A,1,47.0,0.8074,0.8074,1.0,1.0,0.0,0.0,0.9402744770050048
ACGL,Arch Capital Group Ltd.,2021,4,2022-02-10 11:00:00,other,Prepared Remarks,14,82.21428571428571,0.8337642857142857,0.8672500000000001,0.9285714285714286,0.9285714285714286,0.0,0.07142857142857142,0.7858347105128425
ACGL,Arch Capital Group Ltd.,2022,1,2022-04-28 11:00:00,analyst,Q&A,16,91.4375,0.8302875,0.90635,0.875,0.9375,0.0625,0.0,0.8615454211831093
ACGL,Arch Capital Group Ltd.,2022,1,2022-04-28 11:00:00,operator,Q&A,1,42.0,0.8074,0.8074,1.0,1.0,0.0,0.0,0.9357830286026
ACGL,Arch Capital Group Ltd.,2022,1,2022-04-28 11:00:00,other,Prepared Remarks,23,71.3913043478261,0.7538434782608696,0.91,0.7391304347826086,0.8695652173913043,0.13043478260869565,0.0,0.8107927597087362
ACGL,Arch Capital Group Ltd.,2022,2,2022-07-28 11:00:00,analyst,Q&A,10,112.9,0.8178599999999999,0.9814499999999999,1.0,1.0,0.0,0.0,0.8403793156147004
ACGL,Arch Capital Group Ltd.,2022,2,2022-07-28 11:00:00,operator,Q&A,1,41.0,0.8074,0.8074,1.0,1.0,0.0,0.0,0.9384746551513672
ACGL,Arch Capital Group Ltd.,2022,2,2022-07-28 11:00:00,other,Prepared Remarks,11,101.45454545454545,0.6210545454545454,0.7894,0.8181818181818182,0.9090909090909091,0.09090909090909091,0.0,0.8412501920353282
ACGL,Arch Capital Group Ltd.,2022,3,2022-10-27 11:00:00,analyst,Q&A,16,131.6875,0.8668750000000001,0.92175,1.0,1.0,0.0,0.0,0.8676344342529774
ACGL,Arch Capital Group Ltd.,2022,3,2022-10-27 11:00:00,operator,Q&A,1,40.0,0.8074,0.8074,1.0,1.0,0.0,0.0,0.9362375736236572
ACGL,Arch Capital Group Ltd.,2022,3,2022-10-27 11:00:00,other,Prepared Remarks,17,56.294117647058826,0.7065823529411766,0.8419,0.8235294117647058,0.8823529411764706,0.058823529411764705,0.058823529411764705,0.8209139108657837
ACGL,Arch Capital Group Ltd.,2022,4,2023-02-14 11:00:00,analyst,Q&A,9,185.44444444444446,0.9512555555555555,0.9571,1.0,1.0,0.0,0.0,0.8422821760177612
ACGL,Arch Capital Group Ltd.,2022,4,2023-02-14 11:00:00,operator,Q&A,1,40.0,0.8074,0.8074,1.0,1.0,0.0,0.0,0.9364245533943176
ACGL,Arch Capital Group Ltd.,2022,4,2023-02-14 11:00:00,other,Prepared Remarks,19,63.0,0.8121263157894737,0.891,0.5789473684210527,0.7894736842105263,0.21052631578947367,0.0,0.837016413086339
ACGL,Arch Capital Group Ltd.,2023,1,2023-04-27 11:00:00,analyst,Q&A,11,131.72727272727272,0.8952909090909091,0.9694,1.0,1.0,0.0,0.0,0.8619067560542714
ACGL,Arch Capital Group Ltd.,2023,1,2023-04-27 11:00:00,other,Prepared Remarks,16,103.3125,0.64891875,0.9186000000000001,0.875,0.9375,0.0625,0.0,0.8431273773312569
ACGL,Arch Capital Group Ltd.,2023,2,2023-07-27 11:00:00,analyst,Q&A,11,152.8181818181818,0.8169363636363637,0.9485,1.0,1.0,0.0,0.0,0.843797271901911
ACGL,Arch Capital Group Ltd.,2023,2,2023-07-27 11:00:00,other,Prepared Remarks,26,51.03846153846154,0.5164923076923077,0.8793,0.9230769230769231,0.9615384615384616,0.038461538461538464,0.0,0.8373268865622007
ACGL,Arch Capital Group Ltd.,2023,3,2023-10-31 11:00:00,analyst,Q&A,13,135.23076923076923,0.7068,0.9246,1.0,1.0,0.0,0.0,0.8118849946902349
ACGL,Arch Capital Group Ltd.,2023,3,2023-10-31 11:00:00,operator,Q&A,1,38.0,0.8074,0.8074,1.0,1.0,0.0,0.0,0.9405409097671508
ACGL,Arch Capital Group Ltd.,2023,3,2023-10-31 11:00:00,other,Prepared Remarks,23,53.21739130434783,0.7452434782608696,0.91,0.9130434782608695,0.9565217391304348,0.043478260869565216,0.0,0.8335738596708878
ACGL,Arch Capital Group Ltd.,2023,4,2024-02-15 11:00:00,analyst,Q&A,19,72.94736842105263,0.6594052631578947,0.9062,0.6842105263157895,0.8421052631578947,0.15789473684210525,0.0,0.8625766383974176
ACGL,Arch Capital Group Ltd.,2023,4,2024-02-15 11:00:00,operator,Q&A,1,38.0,0.8074,0.8074,1.0,1.0,0.0,0.0,0.9405409097671508
ACGL,Arch Capital Group Ltd.,2023,4,2024-02-15 11:00:00,other,Prepared Remarks,15,91.6,0.39156,0.539,1.0,1.0,0.0,0.0,0.8874339063962301
ACGL,Arch Capital Group Ltd.,2024,1,2024-04-30 11:00:00,analyst,Q&A,9,85.22222222222223,0.769711111111111,0.8402,0.8888888888888888,0.8888888888888888,0.0,0.1111111111111111,0.8082726531558566
ACGL,Arch Capital Group Ltd.,2024,1,2024-04-30 11:00:00,operator,Q&A,1,38.0,0.8074,0.8074,1.0,1.0,0.0,0.0,0.9405409097671508
ACGL,Arch Capital Group Ltd.,2024,1,2024-04-30 11:00:00,other,Prepared Remarks,19,58.26315789473684,0.7338210526315789,0.875,0.8947368421052632,0.9473684210526315,0.05263157894736842,0.0,0.868158293397803
ACGL,Arch Capital Group Ltd.,2024,2,2024-07-31 11:00:00,analyst,Q&A,9,77.33333333333333,0.47086666666666666,0.6908,1.0,1.0,0.0,0.0,0.8704345689879524
ACGL,Arch Capital Group Ltd.,2024,2,2024-07-31 11:00:00,operator,Q&A,1,38.0,0.8074,0.8074,1.0,1.0,0.0,0.0,0.9405409097671508
ACGL,Arch Capital Group Ltd.,2024,2,2024-07-31 11:00:00,other,Prepared Remarks,20,99.55,0.6756300000000001,0.9173,1.0,1.0,0.0,0.0,0.868718507885933
ACGL,Arch Capital Group Ltd.,2024,3,2024-10-31 11:00:00,analyst,Q&A,15,111.53333333333333,0.5267000000000001,0.9153,1.0,1.0,0.0,0.0,0.8783514340718587
ACGL,Arch Capital Group Ltd.,2024,3,2024-10-31 11:00:00,other,Prepared Remarks,25,57.64,0.645196,0.8074,0.88,0.92,0.04,0.04,0.8511747694015503
ACGL,Arch Capital Group Ltd.,2024,4,2025-02-11 11:00:00,analyst,Q&A,8,165.625,0.8898875,0.93515,0.625,0.75,0.125,0.125,0.8107401132583618
ACGL,Arch Capital Group Ltd.,2024,4,2025-02-11 11:00:00,operator,Q&A,1,38.0,0.8074,0.8074,1.0,1.0,0.0,0.0,0.9405409097671508
ACGL,Arch Capital Group Ltd.,2024,4,2025-02-11 11:00:00,other,Prepared Remarks,32,59.3125,0.613090625,0.77425,1.0,1.0,0.0,0.0,0.8718165084719658
ACGL,Arch Capital Group Ltd.,2025,1,2025-04-30 09:00:00,analyst,Q&A,9,112.22222222222223,0.7189888888888889,0.944,1.0,1.0,0.0,0.0,0.8470585081312392
ACGL,Arch Capital Group Ltd.,2025,1,2025-04-30 09:00:00,operator,Q&A,1,39.0,0.8074,0.8074,1.0,1.0,0.0,0.0,0.9380532503128052
ACGL,Arch Capital Group Ltd.,2025,1,2025-04-30 09:00:00,other,Prepared Remarks,22,93.18181818181819,0.6830318181818181,0.92595,1.0,1.0,0.0,0.0,0.8550235818732869
ACN,Accenture plc,2020,1,2019-12-19 08:00:00,analyst,Q&A,7,86.42857142857143,0.8573142857142857,0.8591,1.0,1.0,0.0,0.0,0.8299160429409572
ACN,Accenture plc,2020,1,2019-12-19 08:00:00,operator,Q&A,1,38.0,0.7906,0.7906,1.0,1.0,0.0,0.0,0.9305928945541382
ACN,Accenture plc,2020,1,2019-12-19 08:00:00,other,Prepared Remarks,23,121.82608695652173,0.9532,0.977,0.8260869565217391,0.9130434782608695,0.08695652173913043,0.0,0.7779338282087574
ACN,Accenture plc,2020,2,2020-03-19 08:00:00,analyst,Q&A,9,149.66666666666666,0.8985444444444445,0.9801,1.0,1.0,0.0,0.0,0.8975869284735786
ACN,Accenture plc,2020,2,2020-03-19 08:00:00,operator,Prepared Remarks,1,31.0,0.6486,0.6486,1.0,1.0,0.0,0.0,0.9434219598770142
ACN,Accenture plc,2020,2,2020-03-19 08:00:00,operator,Q&A,1,33.0,0.7906,0.7906,1.0,1.0,0.0,0.0,0.9381505250930786
ACN,Accenture plc,2020,2,2020-03-19 08:00:00,other,Prepared Remarks,14,169.78571428571428,0.62455,0.8847,1.0,1.0,0.0,0.0,0.8523067917142596
ACN,Accenture plc,2020,3,2020-06-25 08:00:00,analyst,Q&A,9,138.22222222222223,0.9296444444444444,0.9716,0.5555555555555556,0.7777777777777778,0.2222222222222222,0.0,0.7944701313972473
ACN,Accenture plc,2020,3,2020-06-25 08:00:00,operator,Q&A,1,36.0,0.7906,0.7906,1.0,1.0,0.0,0.0,0.9316756129264832
ACN,Accenture plc,2020,3,2020-06-25 08:00:00,other,Prepared Remarks,14,171.78571428571428,0.8682357142857143,0.97235,0.8571428571428571,0.9285714285714286,0.07142857142857142,0.0,0.8113565913268498
ACN,Accenture plc,2020,4,2020-09-24 08:00:00,analyst,Q&A,16,94.9375,0.94015,0.9650000000000001,0.9375,0.9375,0.0,0.0625,0.8614769615232944
ACN,Accenture plc,2020,4,2020-09-24 08:00:00,operator,Prepared Remarks,1,32.0,0.6124,0.6124,1.0,1.0,0.0,0.0,0.941315770149231
ACN,Accenture plc,2020,4,2020-09-24 08:00:00,other,Prepared Remarks,11,199.63636363636363,0.9170090909090909,0.9274,0.9090909090909091,0.9090909090909091,0.0,0.09090909090909091,0.8567228642376986
ACN,Accenture plc,2021,1,2020-12-17 08:00:00,analyst,Q&A,10,140.6,0.9687100000000001,0.9826,1.0,1.0,0.0,0.0,0.8302636861801147
ACN,Accenture plc,2021,1,2020-12-17 08:00:00,operator,Q&A,1,39.0,0.7906,0.7906,1.0,1.0,0.0,0.0,0.9307262897491456
ACN,Accenture plc,2021,1,2020-12-17 08:00:00,other,Prepared Remarks,8,250.875,0.958825,0.9746999999999999,1.0,1.0,0.0,0.0,0.8442996293306351
ACN,Accenture plc,2021,2,2021-03-18 08:00:00,analyst,Q&A,12,89.08333333333333,0.9097,0.9754499999999999,1.0,1.0,0.0,0.0,0.8206655085086823
ACN,Accenture plc,2021,2,2021-03-18 08:00:00,other,Prepared Remarks,13,181.6153846153846,0.971576923076923,0.9776,0.6923076923076923,0.8461538461538461,0.15384615384615385,0.0,0.7812186387869028
ACN,Accenture plc,2021,3,2021-06-24 08:00:00,analyst,Q&A,10,89.9,0.9271100000000001,0.96505,0.8,0.9,0.1,0.0,0.8671457350254059
ACN,Accenture plc,2021,3,2021-06-24 08:00:00,operator,Prepared Remarks,1,30.0,0.4215,0.4215,1.0,1.0,0.0,0.0,0.9328784346580504
ACN,Accenture plc,2021,3,2021-06-24 08:00:00,operator,Q&A,1,35.0,0.7906,0.7906,1.0,1.0,0.0,0.0,0.92702054977417
ACN,Accenture plc,2021,3,2021-06-24 08:00:00,other,Prepared Remarks,12,184.33333333333334,0.9062,0.97115,1.0,1.0,0.0,0.0,0.8143931180238724
ACN,Accenture plc,2021,4,2021-09-23 08:00:00,analyst,Q&A,10,73.2,0.95123,0.9604,1.0,1.0,0.0,0.0,0.8596123158931732
ACN,Accenture plc,2021,4,2021-09-23 08:00:00,operator,Prepared Remarks,1,32.0,0.4215,0.4215,1.0,1.0,0.0,0.0,0.9356354475021362
ACN,Accenture plc,2021,4,2021-09-23 08:00:00,operator,Q&A,1,37.0,0.7906,0.7906,1.0,1.0,0.0,0.0,0.9333705306053162
ACN,Accenture plc,2021,4,2021-09-23 08:00:00,other,Prepared Remarks,20,143.25,0.8827400000000001,0.9771000000000001,0.8,0.9,0.1,0.0,0.850654599070549
ACN,Accenture plc,2022,1,2021-12-16 08:00:00,analyst,Q&A,7,95.14285714285714,0.9498,0.9468,1.0,1.0,0.0,0.0,0.8770694221769061
ACN,Accenture plc,2022,1,2021-12-16 08:00:00,operator,Prepared Remarks,1,33.0,0.4215,0.4215,1.0,1.0,0.0,0.0,0.9399832487106324
ACN,Accenture plc,2022,1,2021-12-16 08:00:00,operator,Q&A,1,37.0,0.7906,0.7906,1.0,1.0,0.0,0.0,0.9341213703155518
ACN,Accenture plc,2022,1,2021-12-16 08:00:00,other,Prepared Remarks,17,139.64705882352942,0.7305117647058823,0.9246,0.8235294117647058,0.8823529411764706,0.058823529411764705,0.058823529411764705,0.8178896588437697
ACN,Accenture plc,2022,2,2022-03-17 08:00:00,analyst,Q&A,11,72.27272727272727,0.7355727272727273,0.8519,1.0,1.0,0.0,0.0,0.868339863690463
ACN,Accenture plc,2022,2,2022-03-17 08:00:00,other,Prepared Remarks,21,132.61904761904762,0.882157142857143,0.9524,0.8095238095238095,0.9047619047619048,0.09523809523809523,0.0,0.8181187084742955
ACN,Accenture plc,2022,3,2022-06-23 08:00:00,analyst,Q&A,5,115.8,0.9346400000000001,0.9231,1.0,1.0,0.0,0.0,0.7972743511199951
ACN,Accenture plc,2022,3,2022-06-23 08:00:00,other,Prepared Remarks,21,133.52380952380952,0.8021809523809524,0.9612,0.8095238095238095,0.9047619047619048,0.09523809523809523,0.0,0.8313466651099068
ACN,Accenture plc,2022,4,2022-09-22 08:00:00,analyst,Q&A,5,89.0,0.8713599999999999,0.9001,1.0,1.0,0.0,0.0,0.9032690763473511
ACN,Accenture plc,2022,4,2022-09-22 08:00:00,operator,Prepared Remarks,1,33.0,0.4215,0.4215,1.0,1.0,0.0,0.0,0.938944697380066
ACN,Accenture plc,2022,4,2022-09-22 08:00:00,operator,Q&A,1,36.0,0.7906,0.7906,1.0,1.0,0.0,0.0,0.9273325204849244
ACN,Accenture plc,2022,4,2022-09-22 08:00:00,other,Prepared Remarks,25,121.0,0.8811920000000001,0.9432,0.92,0.96,0.04,0.0,0.789276750087738
ACN,Accenture plc,2023,1,2022-12-16 10:00:00,analyst,Q&A,10,74.2,0.9170999999999999,0.9193,0.7,0.8,0.1,0.1,0.8122250497341156
ACN,Accenture plc,2023,1,2022-12-16 10:00:00,operator,Q&A,1,33.0,0.7906,0.7906,1.0,1.0,0.0,0.0,0.9204859137535096
ACN,Accenture plc,2023,1,2022-12-16 10:00:00,other,Prepared Remarks,19,152.78947368421052,0.9035684210526316,0.9485,0.8947368421052632,0.9473684210526315,0.05263157894736842,0.0,0.8560762185799448
ACN,Accenture plc,2023,2,2023-03-23 08:00:00,analyst,Q&A,7,227.57142857142858,0.9346571428571429,0.9488,1.0,1.0,0.0,0.0,0.8550460338592529
ACN,Accenture plc,2023,2,2023-03-23 08:00:00,operator,Prepared Remarks,1,32.0,0.4215,0.4215,1.0,1.0,0.0,0.0,0.9419882893562316
ACN,Accenture plc,2023,2,2023-03-23 08:00:00,other,Prepared Remarks,19,109.0,0.9092684210526315,0.9799,0.7894736842105263,0.8947368421052632,0.10526315789473684,0.0,0.8042754248568886
ACN,Accenture plc,2023,3,2023-06-22 08:00:00,analyst,Q&A,8,69.625,0.8987125,0.9116,0.75,0.875,0.125,0.0,0.8414417505264282
ACN,Accenture plc,2023,3,2023-06-22 08:00:00,operator,Prepared Remarks,1,33.0,0.6486,0.6486,1.0,1.0,0.0,0.0,0.9344903826713562
ACN,Accenture plc,2023,3,2023-06-22 08:00:00,operator,Q&A,1,34.0,0.7906,0.7906,1.0,1.0,0.0,0.0,0.9289474487304688
ACN,Accenture plc,2023,3,2023-06-22 08:00:00,other,Prepared Remarks,18,179.0,0.9030499999999999,0.9754,0.8888888888888888,0.9444444444444444,0.05555555555555555,0.0,0.8236856096320682
ACN,Accenture plc,2023,4,2023-09-28 08:00:00,analyst,Q&A,8,82.125,0.9405875,0.9500500000000001,1.0,1.0,0.0,0.0,0.8902743086218834
ACN,Accenture plc,2023,4,2023-09-28 08:00:00,operator,Prepared Remarks,1,32.0,0.6486,0.6486,1.0,1.0,0.0,0.0,0.9317868947982788
ACN,Accenture plc,2023,4,2023-09-28 08:00:00,operator,Q&A,1,35.0,0.7906,0.7906,1.0,1.0,0.0,0.0,0.9312573671340942
ACN,Accenture plc,2023,4,2023-09-28 08:00:00,other,Prepared Remarks,21,153.38095238095238,0.9311904761904761,0.9666,1.0,1.0,0.0,0.0,0.8533397572381156
ACN,Accenture plc,2024,1,2023-12-19 08:00:00,analyst,Q&A,9,85.66666666666667,0.7470222222222223,0.9423,1.0,1.0,0.0,0.0,0.8760732544793023
ACN,Accenture plc,2024,1,2023-12-19 08:00:00,operator,Q&A,1,33.0,0.7906,0.7906,1.0,1.0,0.0,0.0,0.9350767135620116
ACN,Accenture plc,2024,1,2023-12-19 08:00:00,other,Prepared Remarks,21,152.33333333333334,0.8945000000000001,0.9702,0.8095238095238095,0.9047619047619048,0.09523809523809523,0.0,0.7969562567415691
ACN,Accenture plc,2024,2,2024-03-21 08:00:00,analyst,Q&A,10,75.4,0.88103,0.9581,1.0,1.0,0.0,0.0,0.893923956155777
ACN,Accenture plc,2024,2,2024-03-21 08:00:00,operator,Q&A,1,37.0,0.872,0.872,1.0,1.0,0.0,0.0,0.9203003644943236
ACN,Accenture plc,2024,2,2024-03-21 08:00:00,other,Prepared Remarks,14,208.78571428571428,0.8995214285714285,0.9681500000000001,1.0,1.0,0.0,0.0,0.8524486294814518
ACN,Accenture plc,2024,3,2024-06-20 08:00:00,analyst,Q&A,8,109.75,0.9639625,0.9832,0.75,0.875,0.125,0.0,0.8256395608186722
ACN,Accenture plc,2024,3,2024-06-20 08:00:00,operator,Q&A,1,36.0,0.7906,0.7906,1.0,1.0,0.0,0.0,0.9223041534423828
ACN,Accenture plc,2024,3,2024-06-20 08:00:00,other,Prepared Remarks,17,176.52941176470588,0.9281705882352941,0.9638,1.0,1.0,0.0,0.0,0.8189329031635734
ACN,Accenture plc,2024,4,2024-09-26 08:00:00,analyst,Q&A,6,102.16666666666667,0.8975333333333334,0.90935,1.0,1.0,0.0,0.0,0.8956756989161173
ACN,Accenture plc,2024,4,2024-09-26 08:00:00,operator,Prepared Remarks,1,33.0,0.4215,0.4215,1.0,1.0,0.0,0.0,0.9223467111587524
ACN,Accenture plc,2024,4,2024-09-26 08:00:00,operator,Q&A,1,34.0,0.6705,0.6705,1.0,1.0,0.0,0.0,0.9300402998924256
ACN,Accenture plc,2024,4,2024-09-26 08:00:00,other,Prepared Remarks,20,154.0,0.89007,0.96395,0.8,0.9,0.1,0.0,0.836711373925209
ACN,Accenture plc,2025,1,2024-12-19 08:00:00,analyst,Q&A,10,62.8,0.82236,0.9388000000000001,1.0,1.0,0.0,0.0,0.8689542829990387
ACN,Accenture plc,2025,1,2024-12-19 08:00:00,other,Prepared Remarks,26,116.96153846153847,0.9267923076923077,0.95505,0.7692307692307693,0.8846153846153846,0.11538461538461539,0.0,0.8082802433233994
ACN,Accenture plc,2025,2,2025-03-20 08:00:00,analyst,Q&A,7,118.0,0.9496428571428571,0.9814,1.0,1.0,0.0,0.0,0.8816575493131366
ACN,Accenture plc,2025,2,2025-03-20 08:00:00,operator,Q&A,1,36.0,0.8807,0.8807,1.0,1.0,0.0,0.0,0.9332532286643982
ACN,Accenture plc,2025,2,2025-03-20 08:00:00,other,Prepared Remarks,17,164.8235294117647,0.8261411764705882,0.9313,0.8823529411764706,0.9411764705882353,0.058823529411764705,0.0,0.7932025124044979
ADBE,Adobe Inc.,2020,1,2020-03-12 17:00:00,analyst,Q&A,6,64.16666666666667,0.9446833333333333,0.9673,1.0,1.0,0.0,0.0,0.8602008918921152
ADBE,Adobe Inc.,2020,1,2020-03-12 17:00:00,other,Prepared Remarks,20,156.85,0.90554,0.95445,0.9,0.95,0.05,0.0,0.8399337947368621
ADBE,Adobe Inc.,2020,2,2020-06-11 17:00:00,analyst,Q&A,13,89.15384615384616,0.9661923076923077,0.9753,1.0,1.0,0.0,0.0,0.8564143776893616
ADBE,Adobe Inc.,2020,2,2020-06-11 17:00:00,other,Prepared Remarks,14,213.5,0.9378428571428571,0.98275,0.8571428571428571,0.9285714285714286,0.07142857142857142,0.0,0.8545805428709302
ADBE,Adobe Inc.,2020,3,2020-09-15 17:00:00,analyst,Q&A,14,81.71428571428571,0.9559571428571428,0.9617500000000001,1.0,1.0,0.0,0.0,0.829117660011564
ADBE,Adobe Inc.,2020,3,2020-09-15 17:00:00,operator,Q&A,1,32.0,0.8126,0.8126,1.0,1.0,0.0,0.0,0.91029155254364
ADBE,Adobe Inc.,2020,3,2020-09-15 17:00:00,other,Prepared Remarks,16,166.125,0.93345625,0.96835,1.0,1.0,0.0,0.0,0.8577043414115906
ADBE,Adobe Inc.,2020,4,2020-12-10 11:00:00,analyst,Q&A,17,91.88235294117646,0.9236941176470588,0.9844,1.0,1.0,0.0,0.0,0.843620149528279
ADBE,Adobe Inc.,2020,4,2020-12-10 11:00:00,other,Prepared Remarks,24,337.2916666666667,0.9297291666666667,0.9897,0.9166666666666666,0.9583333333333334,0.041666666666666664,0.0,0.881727526585261
ADBE,Adobe Inc.,2021,1,2021-03-24 17:00:00,analyst,Q&A,17,90.3529411764706,0.9769117647058823,0.9831,1.0,1.0,0.0,0.0,0.8540381193161011
ADBE,Adobe Inc.,2021,1,2021-03-24 17:00:00,operator,Q&A,1,31.0,0.8126,0.8126,1.0,1.0,0.0,0.0,0.9165911078453064
ADBE,Adobe Inc.,2021,1,2021-03-24 17:00:00,other,Prepared Remarks,15,180.06666666666666,0.9412466666666667,0.9702,1.0,1.0,0.0,0.0,0.8469310641288758
ADBE,Adobe Inc.,2021,2,2021-06-17 17:00:00,analyst,Q&A,15,129.26666666666668,0.95992,0.975,0.8666666666666667,0.9333333333333333,0.06666666666666667,0.0,0.8506773153940836
ADBE,Adobe Inc.,2021,2,2021-06-17 17:00:00,other,Prepared Remarks,16,121.4375,0.94071875,0.96995,0.6875,0.8125,0.125,0.0625,0.8009339887648821
ADBE,Adobe Inc.,2021,3,2021-09-21 17:00:00,analyst,Q&A,16,124.5,0.9546875,0.96455,1.0,1.0,0.0,0.0,0.8765214681625366
ADBE,Adobe Inc.,2021,3,2021-09-21 17:00:00,other,Prepared Remarks,13,140.84615384615384,0.9607076923076924,0.9774,0.8461538461538461,0.9230769230769231,0.07692307692307693,0.0,0.8271603355040917
ADBE,Adobe Inc.,2021,4,2021-12-16 11:00:00,analyst,Q&A,11,138.9090909090909,0.9348545454545455,0.9618,1.0,1.0,0.0,0.0,0.8719154650514777
ADBE,Adobe Inc.,2021,4,2021-12-16 11:00:00,other,Prepared Remarks,30,218.7,0.9347266666666666,0.97975,1.0,1.0,0.0,0.0,0.8661016901334126
ADBE,Adobe Inc.,2022,1,2022-03-22 17:00:00,analyst,Q&A,12,101.0,0.9565916666666667,0.98395,0.8333333333333334,0.9166666666666666,0.08333333333333333,0.0,0.844192827741305
ADBE,Adobe Inc.,2022,1,2022-03-22 17:00:00,other,Prepared Remarks,23,141.56521739130434,0.9367260869565217,0.9738,0.8260869565217391,0.9130434782608695,0.08695652173913043,0.0,0.8279812737651493
ADBE,Adobe Inc.,2022,2,2022-06-16 17:00:00,analyst,Q&A,14,71.42857142857143,0.8260428571428572,0.9642999999999999,1.0,1.0,0.0,0.0,0.8695774120943887
ADBE,Adobe Inc.,2022,2,2022-06-16 17:00:00,other,Prepared Remarks,22,146.3181818181818,0.9321181818181817,0.9663999999999999,0.9090909090909091,0.9545454545454546,0.045454545454545456,0.0,0.829047216610475
ADBE,Adobe Inc.,2022,3,2022-09-15 10:00:00,analyst,Q&A,12,99.91666666666667,0.9258333333333333,0.9872,1.0,1.0,0.0,0.0,0.8924676577250162
ADBE,Adobe Inc.,2022,3,2022-09-15 10:00:00,other,Prepared Remarks,20,152.3,0.9448399999999999,0.9726,0.9,0.95,0.05,0.0,0.8026847064495086
ADBE,Adobe Inc.,2022,4,2022-12-15 17:00:00,analyst,Q&A,10,114.3,0.9493500000000001,0.99105,1.0,1.0,0.0,0.0,0.8720008969306946
ADBE,Adobe Inc.,2022,4,2022-12-15 17:00:00,other,Prepared Remarks,19,160.3684210526316,0.9685894736842104,0.9857,0.8947368421052632,0.9473684210526315,0.05263157894736842,0.0,0.843032463600761
ADBE,Adobe Inc.,2023,1,2023-03-15 17:00:00,analyst,Q&A,8,85.375,0.819975,0.9796,1.0,1.0,0.0,0.0,0.8769440874457359
ADBE,Adobe Inc.,2023,1,2023-03-15 17:00:00,other,Prepared Remarks,24,134.875,0.9489291666666667,0.9782500000000001,1.0,1.0,0.0,0.0,0.8609667619069418
ADBE,Adobe Inc.,2023,2,2023-06-15 17:00:00,analyst,Q&A,13,69.46153846153847,0.9479076923076923,0.9657,1.0,1.0,0.0,0.0,0.8310684974376972
ADBE,Adobe Inc.,2023,2,2023-06-15 17:00:00,other,Prepared Remarks,18,189.55555555555554,0.94795,0.989,1.0,1.0,0.0,0.0,0.8819254140059153
ADBE,Adobe Inc.,2023,3,2023-09-14 17:00:00,analyst,Q&A,10,92.0,0.97028,0.96675,1.0,1.0,0.0,0.0,0.8527279078960419
ADBE,Adobe Inc.,2023,3,2023-09-14 17:00:00,other,Prepared Remarks,18,168.61111111111111,0.9597777777777777,0.98375,1.0,1.0,0.0,0.0,0.8823103275563982
ADBE,Adobe Inc.,2023,4,2023-12-13 17:00:00,analyst,Q&A,10,140.9,0.97129,0.9925999999999999,0.8,0.9,0.1,0.0,0.8591970503330231
ADBE,Adobe Inc.,2023,4,2023-12-13 17:00:00,other,Prepared Remarks,20,148.5,0.9327,0.9712000000000001,0.7,0.85,0.15,0.0,0.8323411211371422
ADBE,Adobe Inc.,2024,1,2024-03-14 17:00:00,analyst,Q&A,13,146.0,0.9636153846153845,0.9712,1.0,1.0,0.0,0.0,0.8901489101923429
ADBE,Adobe Inc.,2024,1,2024-03-14 17:00:00,other,Prepared Remarks,18,144.5,0.9516333333333333,0.983,0.8888888888888888,0.9444444444444444,0.05555555555555555,0.0,0.8624424603250291
ADBE,Adobe Inc.,2024,2,2024-06-13 17:00:00,analyst,Q&A,11,85.45454545454545,0.9656545454545454,0.9821,0.8181818181818182,0.9090909090909091,0.09090909090909091,0.0,0.8538888855413957
ADBE,Adobe Inc.,2024,2,2024-06-13 17:00:00,other,Prepared Remarks,20,173.05,0.9228099999999999,0.9822500000000001,1.0,1.0,0.0,0.0,0.8362107455730439
ADBE,Adobe Inc.,2024,3,2024-09-12 17:00:00,analyst,Q&A,12,107.25,0.9532916666666668,0.9730000000000001,0.8333333333333334,0.9166666666666666,0.08333333333333333,0.0,0.8623857647180557
ADBE,Adobe Inc.,2024,3,2024-09-12 17:00:00,other,Prepared Remarks,12,232.16666666666666,0.9288166666666666,0.9941,1.0,1.0,0.0,0.0,0.8681584546963373
ADBE,Adobe Inc.,2024,4,2024-12-11 17:00:00,analyst,Q&A,10,82.8,0.9535399999999999,0.9734499999999999,1.0,1.0,0.0,0.0,0.879429042339325
ADBE,Adobe Inc.,2024,4,2024-12-11 17:00:00,operator,Q&A,1,44.0,0.9186,0.9186,1.0,1.0,0.0,0.0,0.9416732788085938
ADBE,Adobe Inc.,2024,4,2024-12-11 17:00:00,other,Prepared Remarks,16,208.25,0.943575,0.9892,0.875,0.9375,0.0625,0.0,0.8753766939043999
ADBE,Adobe Inc.,2025,1,2025-03-12 17:00:00,analyst,Q&A,13,123.07692307692308,0.9681076923076923,0.9792,1.0,1.0,0.0,0.0,0.8680461370027982
ADBE,Adobe Inc.,2025,1,2025-03-12 17:00:00,other,Prepared Remarks,15,193.13333333333333,0.9034066666666667,0.9839,0.8666666666666667,0.9333333333333333,0.06666666666666667,0.0,0.8848072409629821
ADI,"Analog Devices, Inc.",2020,1,2020-02-18 23:15:00,analyst,Prepared Remarks,2,41.0,0.89925,0.89925,1.0,1.0,0.0,0.0,0.8476122915744781
ADI,"Analog Devices, Inc.",2020,1,2020-02-18 23:15:00,analyst,Q&A,3,39.666666666666664,0.8207,0.8555,1.0,1.0,0.0,0.0,0.7923641800880432
ADI,"Analog Devices, Inc.",2020,1,2020-02-18 23:15:00,other,Prepared Remarks,19,42.63157894736842,0.7598157894736842,0.8555,0.3157894736842105,0.631578947368421,0.3157894736842105,0.05263157894736842,0.7550127898391924
ADI,"Analog Devices, Inc.",2020,2,2020-05-20 18:00:00,analyst,Q&A,7,64.71428571428571,0.9164857142857142,0.936,1.0,1.0,0.0,0.0,0.7725424255643573
ADI,"Analog Devices, Inc.",2020,2,2020-05-20 18:00:00,other,Prepared Remarks,13,184.6153846153846,0.9501076923076923,0.9682,0.9230769230769231,0.9230769230769231,0.0,0.07692307692307693,0.76451352926401
ADI,"Analog Devices, Inc.",2020,3,2020-08-19 17:00:00,analyst,Q&A,7,64.28571428571429,0.7254714285714285,0.9618,1.0,1.0,0.0,0.0,0.8281363333974566
ADI,"Analog Devices, Inc.",2020,3,2020-08-19 17:00:00,other,Prepared Remarks,9,233.77777777777777,0.9454333333333333,0.9862,1.0,1.0,0.0,0.0,0.7508730755911933
ADI,"Analog Devices, Inc.",2020,4,2020-11-24 10:00:00,analyst,Q&A,7,98.42857142857143,0.9562857142857143,0.9774,1.0,1.0,0.0,0.0,0.8347960114479065
ADI,"Analog Devices, Inc.",2020,4,2020-11-24 10:00:00,other,Prepared Remarks,12,167.25,0.8980666666666667,0.9282999999999999,1.0,1.0,0.0,0.0,0.8700256993373235
ADI,"Analog Devices, Inc.",2021,1,2021-02-17 10:00:00,analyst,Q&A,6,79.5,0.9463333333333334,0.9452,1.0,1.0,0.0,0.0,0.6965292890866598
ADI,"Analog Devices, Inc.",2021,1,2021-02-17 10:00:00,other,Prepared Remarks,16,122.8125,0.83065,0.90215,0.25,0.625,0.375,0.0,0.7668235413730145
ADI,"Analog Devices, Inc.",2021,2,2021-05-19 11:40:00,analyst,Q&A,6,53.0,0.7642333333333333,0.94415,0.6666666666666666,0.8333333333333334,0.16666666666666666,0.0,0.8610720137755076
ADI,"Analog Devices, Inc.",2021,2,2021-05-19 11:40:00,other,Prepared Remarks,20,106.05,0.7783749999999999,0.91075,0.8,0.9,0.1,0.0,0.8247014373540879
ADI,"Analog Devices, Inc.",2021,3,2021-08-18 10:00:00,analyst,Q&A,10,41.7,0.89476,0.90315,0.8,0.9,0.1,0.0,0.7637274771928787
ADI,"Analog Devices, Inc.",2021,3,2021-08-18 10:00:00,other,Prepared Remarks,15,132.8,0.9243466666666666,0.969,1.0,1.0,0.0,0.0,0.8076411088307699
ADI,"Analog Devices, Inc.",2021,4,2021-11-23 10:00:00,analyst,Prepared Remarks,1,45.0,-0.7269,-0.7269,1.0,1.0,0.0,0.0,0.9119372367858888
ADI,"Analog Devices, Inc.",2021,4,2021-11-23 10:00:00,analyst,Q&A,2,41.0,0.9189,0.9189,1.0,1.0,0.0,0.0,0.9169431626796722
ADI,"Analog Devices, Inc.",2021,4,2021-11-23 10:00:00,other,Prepared Remarks,16,148.25,0.77898125,0.9169499999999999,0.5,0.6875,0.1875,0.125,0.8150214646011591
