symbol,company_name,year,quarter,date,speaker_role,blocks,avg_block_len,vader_mean,vader_median,finbert_mean,finbert_pos,finbert_neg,finbert_neu,finbert_avg_conf
A,"Agilent Technologies, Inc.",2020,1,2020-02-18 16:30:00,operator,1,36.0,0.91,0.91,1.0,1.0,0.0,0.0,0.8987961411476135
A,"Agilent Technologies, Inc.",2020,1,2020-02-18 16:30:00,other,35,90.48571428571428,0.8224342857142857,0.9337,0.5142857142857142,0.7428571428571429,0.22857142857142856,0.02857142857142857,0.7766473974500384
A,"Agilent Technologies, Inc.",2020,2,2020-05-21 16:30:00,operator,1,36.0,0.875,0.875,1.0,1.0,0.0,0.0,0.9066354036331176
A,"Agilent Technologies, Inc.",2020,2,2020-05-21 16:30:00,other,39,83.56410256410257,0.6365589743589743,0.9143,0.9743589743589743,0.9743589743589743,0.0,0.02564102564102564,0.8155440902098631
A,"Agilent Technologies, Inc.",2020,3,2020-08-18 16:30:00,operator,1,35.0,0.875,0.875,1.0,1.0,0.0,0.0,0.9108963012695312
A,"Agilent Technologies, Inc.",2020,3,2020-08-18 16:30:00,other,40,80.375,0.8166575,0.90555,0.775,0.875,0.1,0.025,0.8125286966562271
A,"Agilent Technologies, Inc.",2020,4,2020-11-23 16:30:00,operator,1,36.0,0.875,0.875,1.0,1.0,0.0,0.0,0.90617698431015
A,"Agilent Technologies, Inc.",2020,4,2020-11-23 16:30:00,other,41,83.60975609756098,0.8686073170731708,0.9578,0.6585365853658537,0.8048780487804879,0.14634146341463414,0.04878048780487805,0.7735798271690927
A,"Agilent Technologies, Inc.",2021,1,2021-02-16 16:30:00,operator,1,34.0,0.8176,0.8176,1.0,1.0,0.0,0.0,0.9126971960067748
A,"Agilent Technologies, Inc.",2021,1,2021-02-16 16:30:00,other,40,79.85,0.9160825000000001,0.93475,0.625,0.8,0.175,0.025,0.7717205971479416
A,"Agilent Technologies, Inc.",2021,2,2021-05-25 16:30:00,operator,1,34.0,0.8176,0.8176,1.0,1.0,0.0,0.0,0.9134133458137512
A,"Agilent Technologies, Inc.",2021,2,2021-05-25 16:30:00,other,40,89.725,0.9183350000000001,0.9437,0.475,0.725,0.25,0.025,0.8016931533813476
A,"Agilent Technologies, Inc.",2021,3,2021-08-17 16:30:00,other,39,79.61538461538461,0.8262,0.9233,0.46153846153846156,0.717948717948718,0.2564102564102564,0.02564102564102564,0.7764752476643293
A,"Agilent Technologies, Inc.",2021,4,2021-11-22 16:30:00,operator,1,34.0,0.8807,0.8807,1.0,1.0,0.0,0.0,0.906296730041504
A,"Agilent Technologies, Inc.",2021,4,2021-11-22 16:30:00,other,36,91.19444444444444,0.8824111111111111,0.95075,0.6111111111111112,0.8055555555555556,0.19444444444444445,0.0,0.7757090396351285
A,"Agilent Technologies, Inc.",2022,1,2022-02-22 16:30:00,other,33,83.03030303030303,0.8963757575757576,0.9432,0.6363636363636364,0.8181818181818182,0.18181818181818182,0.0,0.777630357128201
A,"Agilent Technologies, Inc.",2022,2,2022-05-24 16:30:00,operator,1,33.0,0.8658,0.8658,1.0,1.0,0.0,0.0,0.937472403049469
A,"Agilent Technologies, Inc.",2022,2,2022-05-24 16:30:00,other,46,79.1304347826087,0.8758869565217391,0.94465,0.391304347826087,0.6739130434782609,0.2826086956521739,0.043478260869565216,0.8151413480872693
A,"Agilent Technologies, Inc.",2022,3,2022-08-16 16:30:00,other,45,71.4888888888889,0.90832,0.9274,0.5777777777777777,0.7777777777777778,0.2,0.022222222222222223,0.8067388673623402
A,"Agilent Technologies, Inc.",2022,4,2022-11-21 16:30:00,other,45,79.62222222222222,0.8487466666666668,0.9436,0.7333333333333333,0.8666666666666667,0.13333333333333333,0.0,0.7908222926987543
A,"Agilent Technologies, Inc.",2023,1,2023-02-28 08:30:00,other,43,72.44186046511628,0.8979069767441861,0.9628,0.8604651162790697,0.9302325581395349,0.06976744186046512,0.0,0.8016479971796967
A,"Agilent Technologies, Inc.",2023,2,2023-05-23 16:30:00,other,49,74.36734693877551,0.8089591836734694,0.8979,0.5714285714285714,0.7755102040816326,0.20408163265306123,0.02040816326530612,0.7971397705224096
A,"Agilent Technologies, Inc.",2023,3,2023-08-15 16:30:00,other,43,83.0,0.8093488372093023,0.8957,0.6976744186046512,0.813953488372093,0.11627906976744186,0.06976744186046512,0.7878299549568532
A,"Agilent Technologies, Inc.",2023,4,2023-11-20 16:30:00,other,41,91.14634146341463,0.8732756097560975,0.9517,0.6829268292682927,0.8048780487804879,0.12195121951219512,0.07317073170731707,0.8056094326624056
A,"Agilent Technologies, Inc.",2024,1,2024-02-27 16:30:00,other,47,68.63829787234043,0.8896191489361702,0.947,0.7021276595744681,0.851063829787234,0.14893617021276595,0.0,0.7915055999096404
A,"Agilent Technologies, Inc.",2024,2,2024-05-29 16:30:00,other,45,77.57777777777778,0.8194444444444444,0.8807,0.6222222222222222,0.8,0.17777777777777778,0.022222222222222223,0.8386700484487746
A,"Agilent Technologies, Inc.",2024,3,2024-08-21 16:30:00,other,45,77.15555555555555,0.878851111111111,0.9349,0.6,0.7777777777777778,0.17777777777777778,0.044444444444444446,0.8009108728832669
A,"Agilent Technologies, Inc.",2024,4,2024-11-25 16:30:00,operator,1,37.0,0.836,0.836,1.0,1.0,0.0,0.0,0.9140790104866028
A,"Agilent Technologies, Inc.",2024,4,2024-11-25 16:30:00,other,51,83.07843137254902,0.8711254901960784,0.936,0.6666666666666666,0.8235294117647058,0.1568627450980392,0.0196078431372549,0.7767928114124373
A,"Agilent Technologies, Inc.",2025,1,2025-02-26 16:30:00,analyst,1,34.0,0.9719,0.9719,1.0,1.0,0.0,0.0,0.8924261927604675
A,"Agilent Technologies, Inc.",2025,1,2025-02-26 16:30:00,operator,1,33.0,0.875,0.875,1.0,1.0,0.0,0.0,0.9083787798881532
A,"Agilent Technologies, Inc.",2025,1,2025-02-26 16:30:00,other,36,96.5,0.90395,0.95625,0.4444444444444444,0.7222222222222222,0.2777777777777778,0.0,0.820160534646776
AAPL,Apple Inc.,2020,1,2020-01-28 17:00:00,management,6,200.33333333333334,0.6977333333333333,0.7483500000000001,1.0,1.0,0.0,0.0,0.878472218910853
AAPL,Apple Inc.,2020,1,2020-01-28 17:00:00,other,17,99.6470588235294,0.7560588235294118,0.8689,0.7647058823529411,0.8823529411764706,0.11764705882352941,0.0,0.8345626592636108
AAPL,Apple Inc.,2020,2,2020-04-30 17:00:00,management,9,157.88888888888889,0.8350000000000001,0.9552,0.5555555555555556,0.7777777777777778,0.2222222222222222,0.0,0.8311094376775954
AAPL,Apple Inc.,2020,2,2020-04-30 17:00:00,other,12,138.66666666666666,0.8098833333333334,0.8834,0.8333333333333334,0.9166666666666666,0.08333333333333333,0.0,0.8569009751081467
AAPL,Apple Inc.,2020,3,2020-07-30 17:00:00,management,13,111.92307692307692,0.8498692307692307,0.9509,0.8461538461538461,0.9230769230769231,0.07692307692307693,0.0,0.8235483582203205
AAPL,Apple Inc.,2020,3,2020-07-30 17:00:00,other,15,104.13333333333334,0.7972866666666667,0.8176,0.3333333333333333,0.6666666666666666,0.3333333333333333,0.0,0.7887155254681905
AAPL,Apple Inc.,2020,4,2020-10-29 17:00:00,management,12,137.0,0.8009416666666667,0.9298,0.8333333333333334,0.9166666666666666,0.08333333333333333,0.0,0.8612692356109619
AAPL,Apple Inc.,2020,4,2020-10-29 17:00:00,operator,1,30.0,0.8126,0.8126,1.0,1.0,0.0,0.0,0.7571026682853699
AAPL,Apple Inc.,2020,4,2020-10-29 17:00:00,other,18,103.0,0.8281833333333333,0.8748,0.7777777777777778,0.8888888888888888,0.1111111111111111,0.0,0.8395203583770328
AAPL,Apple Inc.,2021,1,2021-01-27 17:00:00,management,11,128.63636363636363,0.9336181818181818,0.9666,1.0,1.0,0.0,0.0,0.8004059520634738
AAPL,Apple Inc.,2021,1,2021-01-27 17:00:00,other,22,85.72727272727273,0.7482272727272726,0.8922,0.6363636363636364,0.7727272727272727,0.13636363636363635,0.09090909090909091,0.812728307463906
AAPL,Apple Inc.,2021,2,2021-04-28 17:00:00,management,10,132.6,0.9361200000000001,0.95175,0.6,0.8,0.2,0.0,0.789376187324524
AAPL,Apple Inc.,2021,2,2021-04-28 17:00:00,other,17,100.94117647058823,0.8166235294117647,0.93,0.8235294117647058,0.8823529411764706,0.058823529411764705,0.058823529411764705,0.7715921191608205
AAPL,Apple Inc.,2021,3,2021-07-27 17:00:00,management,11,125.45454545454545,0.7972272727272728,0.9674,0.36363636363636365,0.6363636363636364,0.2727272727272727,0.09090909090909091,0.8085397481918335
AAPL,Apple Inc.,2021,3,2021-07-27 17:00:00,other,22,87.27272727272727,0.8309727272727273,0.90305,0.7727272727272727,0.8636363636363636,0.09090909090909091,0.045454545454545456,0.8177602291107178
AAPL,Apple Inc.,2021,4,2021-10-28 17:00:00,management,13,121.15384615384616,0.8556615384615385,0.9423,0.9230769230769231,0.9230769230769231,0.0,0.07692307692307693,0.8239963971651517
AAPL,Apple Inc.,2021,4,2021-10-28 17:00:00,other,19,86.05263157894737,0.6261631578947369,0.8625,0.8947368421052632,0.9473684210526315,0.05263157894736842,0.0,0.8547945053953874
AAPL,Apple Inc.,2022,1,2022-01-27 17:00:00,management,13,99.92307692307692,0.8758076923076923,0.9678,0.8461538461538461,0.9230769230769231,0.07692307692307693,0.0,0.8696505289811355
AAPL,Apple Inc.,2022,1,2022-01-27 17:00:00,other,16,97.0,0.7399187500000001,0.833,0.75,0.875,0.125,0.0,0.8345491290092468
AAPL,Apple Inc.,2022,2,2022-04-28 17:00:00,management,10,113.5,0.66544,0.8412,0.7,0.8,0.1,0.1,0.7579838871955872
AAPL,Apple Inc.,2022,2,2022-04-28 17:00:00,other,22,91.72727272727273,0.6409772727272727,0.8936999999999999,0.9090909090909091,0.9545454545454546,0.045454545454545456,0.0,0.8272422281178561
AAPL,Apple Inc.,2022,3,2022-07-28 17:00:00,management,8,157.25,0.5929125,0.8795999999999999,0.875,0.875,0.0,0.125,0.73627869784832
AAPL,Apple Inc.,2022,3,2022-07-28 17:00:00,other,21,84.61904761904762,0.3922142857142857,0.5106,0.9523809523809523,0.9523809523809523,0.0,0.047619047619047616,0.8168839045933315
AAPL,Apple Inc.,2022,4,2022-10-27 17:00:00,management,6,216.66666666666666,0.9675833333333334,0.9722,1.0,1.0,0.0,0.0,0.7393085062503815
AAPL,Apple Inc.,2022,4,2022-10-27 17:00:00,other,20,96.3,0.75762,0.90395,0.8,0.9,0.1,0.0,0.8045693308115005
AAPL,Apple Inc.,2023,1,2023-02-02 08:00:00,management,9,147.22222222222223,0.6785777777777778,0.9118,0.7777777777777778,0.8888888888888888,0.1111111111111111,0.0,0.8017215861214532
AAPL,Apple Inc.,2023,1,2023-02-02 08:00:00,other,17,100.82352941176471,0.5798058823529412,0.7906,0.7058823529411765,0.8235294117647058,0.11764705882352941,0.058823529411764705,0.7524295344072229
AAPL,Apple Inc.,2023,2,2023-05-04 17:00:00,management,10,131.6,0.9107,0.9653,1.0,1.0,0.0,0.0,0.7744903266429901
AAPL,Apple Inc.,2023,2,2023-05-04 17:00:00,other,25,73.2,0.676824,0.891,0.6,0.8,0.2,0.0,0.8355907607078552
AAPL,Apple Inc.,2023,3,2023-08-03 17:00:00,management,9,138.77777777777777,0.8368333333333333,0.93,0.8888888888888888,0.8888888888888888,0.0,0.1111111111111111,0.7373517586125268
AAPL,Apple Inc.,2023,3,2023-08-03 17:00:00,other,24,78.75,0.7167,0.9216,0.6666666666666666,0.8333333333333334,0.16666666666666666,0.0,0.7790180544058481
AAPL,Apple Inc.,2023,4,2023-11-02 17:00:00,management,8,141.75,0.8051625,0.9510000000000001,0.625,0.75,0.125,0.125,0.8786398246884346
AAPL,Apple Inc.,2023,4,2023-11-02 17:00:00,other,25,84.84,0.8549880000000001,0.9337,0.6,0.8,0.2,0.0,0.7801751863956451
AAPL,Apple Inc.,2024,1,2024-02-01 17:00:00,management,9,150.33333333333334,0.9343444444444445,0.9661,0.1111111111111111,0.5555555555555556,0.4444444444444444,0.0,0.7845624155468411
AAPL,Apple Inc.,2024,1,2024-02-01 17:00:00,other,18,93.27777777777777,0.7580722222222223,0.91865,0.5,0.7222222222222222,0.2222222222222222,0.05555555555555555,0.8298857079611884
AAPL,Apple Inc.,2024,2,2024-05-02 17:00:00,management,7,148.57142857142858,0.9540142857142857,0.9686,0.42857142857142855,0.7142857142857143,0.2857142857142857,0.0,0.7885872040476117
AAPL,Apple Inc.,2024,2,2024-05-02 17:00:00,other,29,69.79310344827586,0.8109000000000001,0.9081,0.896551724137931,0.9310344827586207,0.034482758620689655,0.034482758620689655,0.8369555432220985
AAPL,Apple Inc.,2024,3,2024-08-01 17:00:00,management,9,135.11111111111111,0.8986111111111111,0.9552,0.7777777777777778,0.8888888888888888,0.1111111111111111,0.0,0.8229938281906976
AAPL,Apple Inc.,2024,3,2024-08-01 17:00:00,other,25,74.96,0.865672,0.93,0.52,0.76,0.24,0.0,0.7995607590675354
AAPL,Apple Inc.,2024,4,2024-10-31 17:00:00,management,9,150.11111111111111,0.8912666666666667,0.967,0.7777777777777778,0.8888888888888888,0.1111111111111111,0.0,0.8476910127533807
AAPL,Apple Inc.,2024,4,2024-10-31 17:00:00,other,25,70.28,0.834084,0.8979,0.84,0.92,0.08,0.0,0.8290574526786805
AAPL,Apple Inc.,2025,1,2025-01-30 17:00:00,management,12,111.91666666666667,0.8842666666666666,0.91865,0.5,0.75,0.25,0.0,0.8129728337128957
AAPL,Apple Inc.,2025,1,2025-01-30 17:00:00,other,23,75.1304347826087,0.8526347826086955,0.9274,0.6521739130434783,0.8260869565217391,0.17391304347826086,0.0,0.8834645437157672
AAPL,Apple Inc.,2025,2,2025-05-01 19:13:00,management,13,120.84615384615384,0.7023076923076924,0.8176,1.0,1.0,0.0,0.0,0.8428785525835477
AAPL,Apple Inc.,2025,2,2025-05-01 19:13:00,other,21,71.47619047619048,0.7545333333333334,0.8834,0.9523809523809523,0.9523809523809523,0.0,0.047619047619047616,0.8372737566630045
ABBV,AbbVie Inc.,2020,1,2020-05-01 09:00:00,other,29,169.3448275862069,0.8628344827586207,0.9393,0.8620689655172413,0.9310344827586207,0.06896551724137931,0.0,0.835366949952882
ABBV,AbbVie Inc.,2020,2,2020-07-31 09:00:00,other,31,164.09677419354838,0.7478516129032258,0.9709,0.9032258064516129,0.9354838709677419,0.03225806451612903,0.03225806451612903,0.8257917723348064
ABBV,AbbVie Inc.,2020,3,2020-10-30 09:00:00,other,37,137.59459459459458,0.848945945945946,0.9559,0.7837837837837838,0.8918918918918919,0.10810810810810811,0.0,0.8207210946727443
ABBV,AbbVie Inc.,2020,4,2021-02-03 09:00:00,analyst,1,48.0,0.743,0.743,1.0,1.0,0.0,0.0,0.8559420704841614
ABBV,AbbVie Inc.,2020,4,2021-02-03 09:00:00,management,1,38.0,0.7579,0.7579,1.0,1.0,0.0,0.0,0.8962342143058777
ABBV,AbbVie Inc.,2020,4,2021-02-03 09:00:00,other,38,140.60526315789474,0.8978263157894738,0.964,0.7894736842105263,0.8947368421052632,0.10526315789473684,0.0,0.8422298807846872
ABBV,AbbVie Inc.,2021,1,2021-04-30 09:00:00,other,49,99.9795918367347,0.8375163265306123,0.93,0.7551020408163265,0.8775510204081632,0.12244897959183673,0.0,0.8031498461353536
ABBV,AbbVie Inc.,2021,2,2021-07-30 09:00:00,management,1,59.0,0.8481,0.8481,1.0,1.0,0.0,0.0,0.9062301516532898
ABBV,AbbVie Inc.,2021,2,2021-07-30 09:00:00,other,40,124.1,0.91906,0.9712000000000001,0.95,0.975,0.025,0.0,0.8088738426566124
ABBV,AbbVie Inc.,2021,3,2021-10-29 09:00:00,management,1,38.0,0.9764,0.9764,1.0,1.0,0.0,0.0,0.8844179511070251
ABBV,AbbVie Inc.,2021,3,2021-10-29 09:00:00,other,39,129.84615384615384,0.8787794871794871,0.9698,0.8461538461538461,0.9230769230769231,0.07692307692307693,0.0,0.85081374950898
ABBV,AbbVie Inc.,2021,4,2022-02-02 09:00:00,other,42,126.5952380952381,0.8510571428571428,0.95275,0.8095238095238095,0.9047619047619048,0.09523809523809523,0.0,0.8078824622290475
ABBV,AbbVie Inc.,2022,1,2022-04-29 09:00:00,operator,1,32.0,0.872,0.872,1.0,1.0,0.0,0.0,0.936834990978241
ABBV,AbbVie Inc.,2022,1,2022-04-29 09:00:00,other,37,125.10810810810811,0.8175324324324325,0.9649,0.8918918918918919,0.9459459459459459,0.05405405405405406,0.0,0.8326728601713438
ABBV,AbbVie Inc.,2022,2,2022-07-29 09:00:00,other,40,129.15,0.7970825,0.964,0.8,0.9,0.1,0.0,0.8224235966801643
ABBV,AbbVie Inc.,2022,3,2022-10-28 09:00:00,other,35,123.28571428571429,0.85902,0.9578,0.7714285714285715,0.8857142857142857,0.11428571428571428,0.0,0.8228610047272273
ABBV,AbbVie Inc.,2022,4,2023-02-09 09:00:00,analyst,1,47.0,0.9517,0.9517,1.0,1.0,0.0,0.0,0.8999736905097961
ABBV,AbbVie Inc.,2022,4,2023-02-09 09:00:00,other,54,113.25925925925925,0.7212592592592593,0.9209,0.8148148148148148,0.9074074074074074,0.09259259259259259,0.0,0.8353409855454056
ABBV,AbbVie Inc.,2023,1,2023-04-27 09:00:00,other,24,43.666666666666664,0.5920958333333334,0.779,0.375,0.6666666666666666,0.2916666666666667,0.041666666666666664,0.7962045185267925
ABBV,AbbVie Inc.,2023,2,2023-07-27 09:00:00,operator,1,69.0,0.6369,0.6369,1.0,1.0,0.0,0.0,0.9390467405319214
ABBV,AbbVie Inc.,2023,2,2023-07-27 09:00:00,other,42,118.92857142857143,0.8180142857142857,0.9480500000000001,0.6428571428571429,0.8095238095238095,0.16666666666666666,0.023809523809523808,0.7999388866481327
ABBV,AbbVie Inc.,2023,3,2023-10-27 09:00:00,analyst,1,40.0,-0.0258,-0.0258,1.0,1.0,0.0,0.0,0.6045145392417908
ABBV,AbbVie Inc.,2023,3,2023-10-27 09:00:00,management,1,34.0,-0.2263,-0.2263,1.0,1.0,0.0,0.0,0.9049252271652222
ABBV,AbbVie Inc.,2023,3,2023-10-27 09:00:00,other,35,129.25714285714287,0.7095657142857144,0.9468,0.7714285714285715,0.8857142857142857,0.11428571428571428,0.0,0.799069846527917
ABBV,AbbVie Inc.,2023,4,2024-02-02 09:00:00,management,1,33.0,0.9201,0.9201,1.0,1.0,0.0,0.0,0.8535363078117371
ABBV,AbbVie Inc.,2023,4,2024-02-02 09:00:00,operator,1,34.0,0.9081,0.9081,1.0,1.0,0.0,0.0,0.9078142642974854
ABBV,AbbVie Inc.,2023,4,2024-02-02 09:00:00,other,41,125.48780487804878,0.9074000000000001,0.9723,0.6585365853658537,0.8292682926829268,0.17073170731707318,0.0,0.8244752462317304
ABBV,AbbVie Inc.,2024,1,2024-04-26 09:00:00,operator,1,32.0,0.872,0.872,1.0,1.0,0.0,0.0,0.9240348935127258
ABBV,AbbVie Inc.,2024,1,2024-04-26 09:00:00,other,41,118.09756097560975,0.7997512195121951,0.9349,0.8292682926829268,0.9024390243902439,0.07317073170731707,0.024390243902439025,0.8021208861979042
ABBV,AbbVie Inc.,2024,2,2024-07-25 09:00:00,other,38,117.65789473684211,0.8790394736842105,0.9619500000000001,0.7368421052631579,0.868421052631579,0.13157894736842105,0.0,0.7720650120785362
ABBV,AbbVie Inc.,2024,3,2024-10-30 09:00:00,other,29,143.3448275862069,0.867248275862069,0.9674,0.6551724137931034,0.8275862068965517,0.1724137931034483,0.0,0.7693802652687862
ABBV,AbbVie Inc.,2024,4,2025-01-31 03:00:00,operator,1,32.0,0.872,0.872,1.0,1.0,0.0,0.0,0.931213915348053
ABBV,AbbVie Inc.,2024,4,2025-01-31 03:00:00,other,45,112.35555555555555,0.8172,0.9531,0.7333333333333333,0.8666666666666667,0.13333333333333333,0.0,0.8088791264428032
ABBV,AbbVie Inc.,2025,1,2025-04-25 21:00:00,other,41,114.4390243902439,0.8439146341463414,0.9584,0.8048780487804879,0.9024390243902439,0.0975609756097561,0.0,0.8277974448552946
ABNB,"Airbnb, Inc.",2020,4,2021-02-25 17:00:00,other,32,120.59375,0.9276625,0.9840500000000001,1.0,1.0,0.0,0.0,0.874195221811533
ABNB,"Airbnb, Inc.",2021,1,2021-05-13 17:00:00,other,36,99.33333333333333,0.8716777777777778,0.9564999999999999,0.8333333333333334,0.9166666666666666,0.08333333333333333,0.0,0.8561619056595696
ABNB,"Airbnb, Inc.",2021,2,2021-08-12 17:00:00,other,36,94.33333333333333,0.9218972222222221,0.968,0.75,0.8611111111111112,0.1111111111111111,0.027777777777777776,0.8374239189757241
ABNB,"Airbnb, Inc.",2021,3,2021-11-04 17:30:00,other,32,107.1875,0.900753125,0.9736,0.8125,0.90625,0.09375,0.0,0.858727965503931
ABNB,"Airbnb, Inc.",2021,4,2022-02-15 17:30:00,other,35,110.6,0.8895771428571428,0.969,0.8285714285714286,0.9142857142857143,0.08571428571428572,0.0,0.8419964730739593
ABNB,"Airbnb, Inc.",2022,1,2022-05-03 14:20:00,other,32,124.59375,0.9577718749999999,0.9694,0.9375,0.96875,0.03125,0.0,0.8540182262659073
ABNB,"Airbnb, Inc.",2022,2,2022-08-02 16:30:00,other,35,93.08571428571429,0.9506942857142856,0.9698,0.6571428571428571,0.8285714285714286,0.17142857142857143,0.0,0.8266348234244756
ABNB,"Airbnb, Inc.",2022,3,2022-11-01 16:30:00,other,47,85.82978723404256,0.9093042553191489,0.9628,0.9148936170212766,0.9574468085106383,0.0425531914893617,0.0,0.8469233221196114
ABNB,"Airbnb, Inc.",2022,4,2023-02-14 16:30:00,analyst,1,49.0,0.7906,0.7906,1.0,1.0,0.0,0.0,0.8094015717506409
ABNB,"Airbnb, Inc.",2022,4,2023-02-14 16:30:00,other,42,87.80952380952381,0.9240738095238096,0.9735,0.7619047619047619,0.8809523809523809,0.11904761904761904,0.0,0.8218156766323816
ABNB,"Airbnb, Inc.",2023,1,2023-05-09 12:30:00,other,36,116.97222222222223,0.8976888888888889,0.9861,0.8333333333333334,0.9166666666666666,0.08333333333333333,0.0,0.8405263125896454
ABNB,"Airbnb, Inc.",2023,2,2023-08-03 16:30:00,analyst,1,38.0,0.743,0.743,1.0,1.0,0.0,0.0,0.7105220556259155
ABNB,"Airbnb, Inc.",2023,2,2023-08-03 16:30:00,other,28,118.17857142857143,0.9539714285714285,0.9742500000000001,0.8571428571428571,0.9285714285714286,0.07142857142857142,0.0,0.8310095752988543
ABNB,"Airbnb, Inc.",2023,3,2023-11-01 16:30:00,other,35,111.0,0.9208285714285714,0.9744,0.8857142857142857,0.9428571428571428,0.05714285714285714,0.0,0.8341216930321285
ABNB,"Airbnb, Inc.",2023,4,2024-02-13 16:30:00,other,38,97.57894736842105,0.9483526315789473,0.96815,0.7631578947368421,0.868421052631579,0.10526315789473684,0.02631578947368421,0.8021863487206007
ABNB,"Airbnb, Inc.",2024,1,2024-05-08 16:30:00,other,34,112.26470588235294,0.9500794117647059,0.96995,0.8823529411764706,0.9411764705882353,0.058823529411764705,0.0,0.8522375936017317
ABNB,"Airbnb, Inc.",2024,2,2024-08-06 16:30:00,other,33,120.66666666666667,0.9364484848484849,0.9598,0.9090909090909091,0.9393939393939394,0.030303030303030304,0.030303030303030304,0.856562077999115
ABNB,"Airbnb, Inc.",2024,3,2024-11-07 16:30:00,other,25,142.44,0.917712,0.9686,0.92,0.96,0.04,0.0,0.8683000206947327
ABNB,"Airbnb, Inc.",2024,4,2025-02-13 16:30:00,other,37,115.64864864864865,0.9669189189189188,0.9766,0.7837837837837838,0.8918918918918919,0.10810810810810811,0.0,0.8421915012436945
ABNB,"Airbnb, Inc.",2025,1,2025-05-01 17:00:00,analyst,1,36.0,0.9274,0.9274,1.0,1.0,0.0,0.0,0.8478981256484985
ABNB,"Airbnb, Inc.",2025,1,2025-05-01 17:00:00,other,31,109.7741935483871,0.9218516129032258,0.9628,0.8387096774193549,0.9032258064516129,0.06451612903225806,0.03225806451612903,0.8373829241721861
ABT,Abbott Laboratories,2020,1,2020-04-15 22:45:00,operator,1,34.0,0.8126,0.8126,1.0,1.0,0.0,0.0,0.9393433928489684
ABT,Abbott Laboratories,2020,1,2020-04-15 22:45:00,other,21,45.857142857142854,0.7758428571428572,0.872,0.9047619047619048,0.9523809523809523,0.047619047619047616,0.0,0.8259495085193997
ABT,Abbott Laboratories,2020,2,2020-07-15 22:45:00,operator,1,35.0,0.8126,0.8126,1.0,1.0,0.0,0.0,0.9387171268463136
ABT,Abbott Laboratories,2020,2,2020-07-15 22:45:00,other,12,37.666666666666664,0.8532500000000001,0.87785,1.0,1.0,0.0,0.0,0.8607253034909567
ABT,Abbott Laboratories,2020,3,2020-10-20 23:00:00,operator,1,34.0,0.8126,0.8126,1.0,1.0,0.0,0.0,0.9393433928489684
ABT,Abbott Laboratories,2020,3,2020-10-20 23:00:00,other,18,34.44444444444444,0.8136333333333333,0.92365,0.6111111111111112,0.7777777777777778,0.16666666666666666,0.05555555555555555,0.7475066019429101
ABT,Abbott Laboratories,2020,4,2021-01-26 22:45:00,operator,1,35.0,0.8126,0.8126,1.0,1.0,0.0,0.0,0.93917578458786
ABT,Abbott Laboratories,2020,4,2021-01-26 22:45:00,other,15,40.333333333333336,0.7805866666666667,0.8689,0.8,0.8666666666666667,0.06666666666666667,0.06666666666666667,0.8121727267901103
ABT,Abbott Laboratories,2021,1,2021-04-19 23:00:00,operator,1,34.0,0.8126,0.8126,1.0,1.0,0.0,0.0,0.9393433928489684
ABT,Abbott Laboratories,2021,1,2021-04-19 23:00:00,other,10,37.4,0.88562,0.8734,0.6,0.8,0.2,0.0,0.8034364938735962
ABT,Abbott Laboratories,2021,2,2021-07-21 23:15:00,other,21,49.76190476190476,0.8279380952380953,0.9591,0.9047619047619048,0.9523809523809523,0.047619047619047616,0.0,0.7892654538154602
ABT,Abbott Laboratories,2021,3,2021-10-19 23:00:00,other,24,35.875,0.8270791666666667,0.88595,0.75,0.875,0.125,0.0,0.8240364491939545
ABT,Abbott Laboratories,2021,4,2022-01-25 23:00:00,operator,1,35.0,0.8126,0.8126,1.0,1.0,0.0,0.0,0.93917578458786
ABT,Abbott Laboratories,2021,4,2022-01-25 23:00:00,other,16,39.25,0.7327125,0.9169499999999999,0.3125,0.625,0.3125,0.0625,0.7681800350546837
ABT,Abbott Laboratories,2022,1,2022-04-19 23:00:00,operator,1,34.0,0.8126,0.8126,1.0,1.0,0.0,0.0,0.9365869164466858
ABT,Abbott Laboratories,2022,1,2022-04-19 23:00:00,other,15,37.53333333333333,0.6862533333333333,0.8558,0.0,0.4666666666666667,0.4666666666666667,0.06666666666666667,0.761185218890508
ABT,Abbott Laboratories,2022,2,2022-07-19 23:00:00,other,6,33.166666666666664,0.8139,0.8638,0.3333333333333333,0.6666666666666666,0.3333333333333333,0.0,0.8395251035690308
ABT,Abbott Laboratories,2022,3,2022-10-18 23:00:00,operator,1,44.0,0.872,0.872,1.0,1.0,0.0,0.0,0.940047323703766
ABT,Abbott Laboratories,2022,3,2022-10-18 23:00:00,other,15,34.4,0.7818400000000001,0.8225,0.8666666666666667,0.9333333333333333,0.06666666666666667,0.0,0.8644729852676392
ABT,Abbott Laboratories,2022,4,2023-01-24 22:45:00,operator,1,35.0,0.8126,0.8126,1.0,1.0,0.0,0.0,0.93917578458786
ABT,Abbott Laboratories,2022,4,2023-01-24 22:45:00,other,14,41.785714285714285,0.7592857142857142,0.9061,0.7857142857142857,0.8571428571428571,0.07142857142857142,0.07142857142857142,0.8391197749546596
ABT,Abbott Laboratories,2023,1,2023-04-18 23:00:00,operator,1,34.0,0.8126,0.8126,1.0,1.0,0.0,0.0,0.9393433928489684
ABT,Abbott Laboratories,2023,1,2023-04-18 23:00:00,other,26,43.76923076923077,0.826976923076923,0.92315,0.46153846153846156,0.7307692307692307,0.2692307692307692,0.0,0.7944364868677579
ABT,Abbott Laboratories,2023,2,2023-07-19 23:00:00,other,12,35.416666666666664,0.5806083333333333,0.9181,0.4166666666666667,0.6666666666666666,0.25,0.08333333333333333,0.8086706797281901
ABT,Abbott Laboratories,2023,3,2023-10-17 23:00:00,other,17,40.64705882352941,0.816635294117647,0.9349,0.29411764705882354,0.6470588235294118,0.35294117647058826,0.0,0.8054141437306124
ABT,Abbott Laboratories,2023,4,2024-01-23 23:15:00,operator,1,35.0,0.8126,0.8126,1.0,1.0,0.0,0.0,0.93917578458786
ABT,Abbott Laboratories,2023,4,2024-01-23 23:15:00,other,12,47.25,0.9239333333333333,0.9437,0.4166666666666667,0.6666666666666666,0.25,0.08333333333333333,0.7612558007240295
ABT,Abbott Laboratories,2024,1,2024-04-17 09:00:00,operator,1,48.0,0.872,0.872,1.0,1.0,0.0,0.0,0.9418364763259888
ABT,Abbott Laboratories,2024,1,2024-04-17 09:00:00,other,22,152.5,0.9157409090909091,0.9806,0.8636363636363636,0.9090909090909091,0.045454545454545456,0.045454545454545456,0.848693389784206
ABT,Abbott Laboratories,2024,2,2024-07-18 09:00:00,operator,1,58.0,0.872,0.872,1.0,1.0,0.0,0.0,0.9396648406982422
ABT,Abbott Laboratories,2024,2,2024-07-18 09:00:00,other,26,127.65384615384616,0.9495192307692307,0.98175,0.7692307692307693,0.8846153846153846,0.11538461538461539,0.0,0.834435740342507
ABT,Abbott Laboratories,2024,3,2024-10-16 09:00:00,operator,1,48.0,0.872,0.872,1.0,1.0,0.0,0.0,0.9422094821929932
ABT,Abbott Laboratories,2024,3,2024-10-16 09:00:00,other,18,183.44444444444446,0.9241555555555555,0.99325,1.0,1.0,0.0,0.0,0.8455502788225809
ABT,Abbott Laboratories,2024,4,2025-01-22 09:30:00,operator,1,49.0,0.872,0.872,1.0,1.0,0.0,0.0,0.942097306251526
ABT,Abbott Laboratories,2024,4,2025-01-22 09:30:00,other,23,144.65217391304347,0.8744652173913043,0.9868,0.7391304347826086,0.8695652173913043,0.13043478260869565,0.0,0.810299936843955
ABT,Abbott Laboratories,2025,1,2025-04-16 09:00:00,operator,2,48.0,0.7814,0.7814,1.0,1.0,0.0,0.0,0.9345085620880127
ABT,Abbott Laboratories,2025,1,2025-04-16 09:00:00,other,25,139.84,0.932412,0.979,0.76,0.88,0.12,0.0,0.8075413513183594
ACGL,Arch Capital Group Ltd.,2020,1,2020-05-05 11:00:00,operator,1,42.0,0.8074,0.8074,1.0,1.0,0.0,0.0,0.9358261227607728
ACGL,Arch Capital Group Ltd.,2020,1,2020-05-05 11:00:00,other,42,92.71428571428571,0.4640571428571429,0.6626000000000001,0.8333333333333334,0.8809523809523809,0.047619047619047616,0.07142857142857142,0.8548219076224736
ACGL,Arch Capital Group Ltd.,2020,2,2020-08-02 11:00:00,operator,1,43.0,0.8074,0.8074,1.0,1.0,0.0,0.0,0.9371718168258668
ACGL,Arch Capital Group Ltd.,2020,2,2020-08-02 11:00:00,other,34,97.11764705882354,0.8059705882352941,0.88175,0.7647058823529411,0.8529411764705882,0.08823529411764706,0.058823529411764705,0.8275213688611984
ACGL,Arch Capital Group Ltd.,2020,3,2020-10-30 11:00:00,other,30,95.7,0.81542,0.9268000000000001,0.9666666666666667,0.9666666666666667,0.0,0.03333333333333333,0.8407342533270518
ACGL,Arch Capital Group Ltd.,2020,4,2021-02-11 08:00:00,operator,1,30.0,0.8074,0.8074,1.0,1.0,0.0,0.0,0.9326459765434264
ACGL,Arch Capital Group Ltd.,2020,4,2021-02-11 08:00:00,other,29,101.3103448275862,0.8554655172413793,0.8913,0.9310344827586207,0.9655172413793104,0.034482758620689655,0.0,0.840568031730323
ACGL,Arch Capital Group Ltd.,2021,1,2021-04-28 11:00:00,operator,1,30.0,0.8074,0.8074,1.0,1.0,0.0,0.0,0.9347097873687744
ACGL,Arch Capital Group Ltd.,2021,1,2021-04-28 11:00:00,other,29,104.86206896551724,0.8752448275862069,0.9118,0.7931034482758621,0.896551724137931,0.10344827586206896,0.0,0.8350345142956438
ACGL,Arch Capital Group Ltd.,2021,2,2021-08-01 11:00:00,operator,1,43.0,0.8074,0.8074,1.0,1.0,0.0,0.0,0.9371718168258668
ACGL,Arch Capital Group Ltd.,2021,2,2021-08-01 11:00:00,other,23,110.04347826086956,0.7711782608695653,0.9217,0.782608695652174,0.8695652173913043,0.08695652173913043,0.043478260869565216,0.8218938760135485
ACGL,Arch Capital Group Ltd.,2021,3,2021-10-28 11:00:00,operator,1,42.0,0.8074,0.8074,1.0,1.0,0.0,0.0,0.9357830286026
ACGL,Arch Capital Group Ltd.,2021,3,2021-10-28 11:00:00,other,34,98.11764705882354,0.7620323529411764,0.94025,0.8823529411764706,0.9411764705882353,0.058823529411764705,0.0,0.8371615953305188
ACGL,Arch Capital Group Ltd.,2021,4,2022-02-10 11:00:00,operator,1,47.0,0.8074,0.8074,1.0,1.0,0.0,0.0,0.9402744770050048
ACGL,Arch Capital Group Ltd.,2021,4,2022-02-10 11:00:00,other,24,101.54166666666667,0.7823416666666666,0.8672500000000001,0.9583333333333334,0.9583333333333334,0.0,0.041666666666666664,0.8245790563523769
ACGL,Arch Capital Group Ltd.,2022,1,2022-04-28 11:00:00,operator,1,42.0,0.8074,0.8074,1.0,1.0,0.0,0.0,0.9357830286026
ACGL,Arch Capital Group Ltd.,2022,1,2022-04-28 11:00:00,other,39,79.61538461538461,0.7852051282051282,0.91,0.7948717948717948,0.8974358974358975,0.10256410256410256,0.0,0.8316143644161713
ACGL,Arch Capital Group Ltd.,2022,2,2022-07-28 11:00:00,operator,1,41.0,0.8074,0.8074,1.0,1.0,0.0,0.0,0.9384746551513672
ACGL,Arch Capital Group Ltd.,2022,2,2022-07-28 11:00:00,other,21,106.9047619047619,0.7147714285714285,0.9168,0.9047619047619048,0.9523809523809523,0.047619047619047616,0.0,0.8408354889778864
ACGL,Arch Capital Group Ltd.,2022,3,2022-10-27 11:00:00,operator,1,40.0,0.8074,0.8074,1.0,1.0,0.0,0.0,0.9362375736236572
ACGL,Arch Capital Group Ltd.,2022,3,2022-10-27 11:00:00,other,33,92.84848484848484,0.7843,0.9022,0.9090909090909091,0.9393939393939394,0.030303030303030304,0.030303030303030304,0.8435662858413927
ACGL,Arch Capital Group Ltd.,2022,4,2023-02-14 11:00:00,operator,1,40.0,0.8074,0.8074,1.0,1.0,0.0,0.0,0.9364245533943176
ACGL,Arch Capital Group Ltd.,2022,4,2023-02-14 11:00:00,other,28,102.35714285714286,0.8568464285714287,0.92975,0.7142857142857143,0.8571428571428571,0.14285714285714285,0.0,0.8387089797428676
ACGL,Arch Capital Group Ltd.,2023,1,2023-04-27 11:00:00,other,27,114.88888888888889,0.7492925925925926,0.9453,0.9259259259259259,0.9629629629629629,0.037037037037037035,0.0,0.850778235329522
ACGL,Arch Capital Group Ltd.,2023,2,2023-07-27 11:00:00,other,37,81.29729729729729,0.6058135135135135,0.8957,0.9459459459459459,0.972972972972973,0.02702702702702703,0.0,0.8392505146361686
ACGL,Arch Capital Group Ltd.,2023,3,2023-10-31 11:00:00,operator,1,38.0,0.8074,0.8074,1.0,1.0,0.0,0.0,0.9405409097671508
ACGL,Arch Capital Group Ltd.,2023,3,2023-10-31 11:00:00,other,36,82.83333333333333,0.7313611111111111,0.91315,0.9444444444444444,0.9722222222222222,0.027777777777777776,0.0,0.8257417695389854
ACGL,Arch Capital Group Ltd.,2023,4,2024-02-15 11:00:00,operator,1,38.0,0.8074,0.8074,1.0,1.0,0.0,0.0,0.9405409097671508
ACGL,Arch Capital Group Ltd.,2023,4,2024-02-15 11:00:00,other,34,81.17647058823529,0.5412382352941176,0.67565,0.8235294117647058,0.9117647058823529,0.08823529411764706,0.0,0.8735430801615995
ACGL,Arch Capital Group Ltd.,2024,1,2024-04-30 11:00:00,operator,1,38.0,0.8074,0.8074,1.0,1.0,0.0,0.0,0.9405409097671508
ACGL,Arch Capital Group Ltd.,2024,1,2024-04-30 11:00:00,other,28,66.92857142857143,0.7453571428571429,0.8573,0.8928571428571429,0.9285714285714286,0.03571428571428571,0.03571428571428571,0.8489093376057488
ACGL,Arch Capital Group Ltd.,2024,2,2024-07-31 11:00:00,operator,1,38.0,0.8074,0.8074,1.0,1.0,0.0,0.0,0.9405409097671508
ACGL,Arch Capital Group Ltd.,2024,2,2024-07-31 11:00:00,other,29,92.65517241379311,0.6120827586206896,0.91,1.0,1.0,0.0,0.0,0.8692510785727665
ACGL,Arch Capital Group Ltd.,2024,3,2024-10-31 11:00:00,other,40,77.85,0.60076,0.8472500000000001,0.925,0.95,0.025,0.025,0.861366018652916
ACGL,Arch Capital Group Ltd.,2024,4,2025-02-11 11:00:00,operator,1,38.0,0.8074,0.8074,1.0,1.0,0.0,0.0,0.9405409097671508
ACGL,Arch Capital Group Ltd.,2024,4,2025-02-11 11:00:00,other,40,80.575,0.66845,0.80655,0.925,0.95,0.025,0.025,0.859601229429245
ACGL,Arch Capital Group Ltd.,2025,1,2025-04-30 09:00:00,operator,1,39.0,0.8074,0.8074,1.0,1.0,0.0,0.0,0.9380532503128052
ACGL,Arch Capital Group Ltd.,2025,1,2025-04-30 09:00:00,other,31,98.70967741935483,0.6934709677419354,0.9349,1.0,1.0,0.0,0.0,0.8527111411094666
ACN,Accenture plc,2020,1,2019-12-19 08:00:00,operator,1,38.0,0.7906,0.7906,1.0,1.0,0.0,0.0,0.9305928945541382
ACN,Accenture plc,2020,1,2019-12-19 08:00:00,other,30,113.56666666666666,0.9308266666666667,0.9643,0.8666666666666667,0.9333333333333333,0.06666666666666667,0.0,0.7900630116462708
ACN,Accenture plc,2020,2,2020-03-19 08:00:00,operator,2,32.0,0.7196,0.7196,1.0,1.0,0.0,0.0,0.9407862424850464
ACN,Accenture plc,2020,2,2020-03-19 08:00:00,other,23,161.91304347826087,0.7317652173913044,0.9578,1.0,1.0,0.0,0.0,0.8700251060983409
ACN,Accenture plc,2020,3,2020-06-25 08:00:00,operator,1,36.0,0.7906,0.7906,1.0,1.0,0.0,0.0,0.9316756129264832
ACN,Accenture plc,2020,3,2020-06-25 08:00:00,other,23,158.65217391304347,0.8922652173913044,0.9716,0.7391304347826086,0.8695652173913043,0.13043478260869565,0.0,0.8047488461370054
ACN,Accenture plc,2020,4,2020-09-24 08:00:00,operator,1,32.0,0.6124,0.6124,1.0,1.0,0.0,0.0,0.941315770149231
ACN,Accenture plc,2020,4,2020-09-24 08:00:00,other,27,137.59259259259258,0.9307222222222222,0.9643,0.9259259259259259,0.9259259259259259,0.0,0.07407407407407407,0.8595401070736073
ACN,Accenture plc,2021,1,2020-12-17 08:00:00,operator,1,39.0,0.7906,0.7906,1.0,1.0,0.0,0.0,0.9307262897491456
ACN,Accenture plc,2021,1,2020-12-17 08:00:00,other,18,189.61111111111111,0.9643166666666667,0.9783999999999999,1.0,1.0,0.0,0.0,0.8365018831359016
ACN,Accenture plc,2021,2,2021-03-18 08:00:00,other,25,137.2,0.941876,0.9771,0.84,0.92,0.08,0.0,0.8001531362533569
ACN,Accenture plc,2021,3,2021-06-24 08:00:00,operator,2,32.5,0.60605,0.60605,1.0,1.0,0.0,0.0,0.9299494922161102
ACN,Accenture plc,2021,3,2021-06-24 08:00:00,other,22,141.4090909090909,0.9157045454545454,0.96505,0.9090909090909091,0.9545454545454546,0.045454545454545456,0.0,0.8383715802972967
ACN,Accenture plc,2021,4,2021-09-23 08:00:00,operator,2,34.5,0.60605,0.60605,1.0,1.0,0.0,0.0,0.9345029890537262
ACN,Accenture plc,2021,4,2021-09-23 08:00:00,other,30,119.9,0.9055700000000001,0.9656499999999999,0.8666666666666667,0.9333333333333333,0.06666666666666667,0.0,0.8536405046780904
ACN,Accenture plc,2022,1,2021-12-16 08:00:00,operator,2,35.0,0.60605,0.60605,1.0,1.0,0.0,0.0,0.937052309513092
ACN,Accenture plc,2022,1,2021-12-16 08:00:00,other,24,126.66666666666667,0.7944708333333333,0.94275,0.875,0.9166666666666666,0.041666666666666664,0.041666666666666664,0.8351504231492678
ACN,Accenture plc,2022,2,2022-03-17 08:00:00,other,32,111.875,0.83176875,0.93915,0.875,0.9375,0.0625,0.0,0.8353822305798531
ACN,Accenture plc,2022,3,2022-06-23 08:00:00,other,26,130.1153846153846,0.8276538461538462,0.95445,0.8461538461538461,0.9230769230769231,0.07692307692307693,0.0,0.8247942970349238
ACN,Accenture plc,2022,4,2022-09-22 08:00:00,operator,2,34.5,0.60605,0.60605,1.0,1.0,0.0,0.0,0.9331386089324952
ACN,Accenture plc,2022,4,2022-09-22 08:00:00,other,30,115.66666666666667,0.8795533333333334,0.9408000000000001,0.9333333333333333,0.9666666666666667,0.03333333333333333,0.0,0.8082754711310068
ACN,Accenture plc,2023,1,2022-12-16 10:00:00,operator,1,33.0,0.7906,0.7906,1.0,1.0,0.0,0.0,0.9204859137535096
ACN,Accenture plc,2023,1,2022-12-16 10:00:00,other,29,125.6896551724138,0.9082344827586206,0.9468,0.8275862068965517,0.896551724137931,0.06896551724137931,0.034482758620689655,0.8409551258744865
ACN,Accenture plc,2023,2,2023-03-23 08:00:00,operator,1,32.0,0.4215,0.4215,1.0,1.0,0.0,0.0,0.9419882893562316
ACN,Accenture plc,2023,2,2023-03-23 08:00:00,other,26,140.92307692307693,0.9161038461538461,0.9738,0.8461538461538461,0.9230769230769231,0.07692307692307693,0.0,0.8179444349729098
ACN,Accenture plc,2023,3,2023-06-22 08:00:00,operator,2,33.5,0.7196,0.7196,1.0,1.0,0.0,0.0,0.9317189157009125
ACN,Accenture plc,2023,3,2023-06-22 08:00:00,other,26,145.34615384615384,0.9017153846153847,0.95395,0.8461538461538461,0.9230769230769231,0.07692307692307693,0.0,0.8291490375995636
ACN,Accenture plc,2023,4,2023-09-28 08:00:00,operator,2,33.5,0.7196,0.7196,1.0,1.0,0.0,0.0,0.9315221309661865
ACN,Accenture plc,2023,4,2023-09-28 08:00:00,other,29,133.72413793103448,0.9337827586206896,0.9633,1.0,1.0,0.0,0.0,0.863528598999155
ACN,Accenture plc,2024,1,2023-12-19 08:00:00,operator,1,33.0,0.7906,0.7906,1.0,1.0,0.0,0.0,0.9350767135620116
ACN,Accenture plc,2024,1,2023-12-19 08:00:00,other,30,132.33333333333334,0.8502566666666667,0.9608,0.8666666666666667,0.9333333333333333,0.06666666666666667,0.0,0.8206913560628891
ACN,Accenture plc,2024,2,2024-03-21 08:00:00,operator,1,37.0,0.872,0.872,1.0,1.0,0.0,0.0,0.9203003644943236
ACN,Accenture plc,2024,2,2024-03-21 08:00:00,other,24,153.20833333333334,0.8918166666666667,0.9588000000000001,1.0,1.0,0.0,0.0,0.869730015595754
ACN,Accenture plc,2024,3,2024-06-20 08:00:00,operator,1,36.0,0.7906,0.7906,1.0,1.0,0.0,0.0,0.9223041534423828
ACN,Accenture plc,2024,3,2024-06-20 08:00:00,other,25,155.16,0.939624,0.9643,0.92,0.96,0.04,0.0,0.821079033613205
ACN,Accenture plc,2024,4,2024-09-26 08:00:00,operator,2,33.5,0.546,0.546,1.0,1.0,0.0,0.0,0.926193505525589
ACN,Accenture plc,2024,4,2024-09-26 08:00:00,other,26,142.03846153846155,0.8917923076923077,0.9548,0.8461538461538461,0.9230769230769231,0.07692307692307693,0.0,0.8503185258461878
ACN,Accenture plc,2025,1,2024-12-19 08:00:00,other,36,101.91666666666667,0.8977833333333334,0.9531000000000001,0.8333333333333334,0.9166666666666666,0.08333333333333333,0.0,0.8251341432332993
ACN,Accenture plc,2025,2,2025-03-20 08:00:00,operator,1,36.0,0.8807,0.8807,1.0,1.0,0.0,0.0,0.9332532286643982
ACN,Accenture plc,2025,2,2025-03-20 08:00:00,other,24,151.16666666666666,0.8621625,0.9520500000000001,0.9166666666666666,0.9583333333333334,0.041666666666666664,0.0,0.8190018981695175
ADBE,Adobe Inc.,2020,1,2020-03-12 17:00:00,other,26,135.46153846153845,0.9145730769230769,0.9604,0.9230769230769231,0.9615384615384616,0.038461538461538464,0.0,0.8446108171573052
ADBE,Adobe Inc.,2020,2,2020-06-11 17:00:00,other,27,153.62962962962962,0.9514925925925927,0.9792,0.9259259259259259,0.9629629629629629,0.037037037037037035,0.0,0.8554635003761009
ADBE,Adobe Inc.,2020,3,2020-09-15 17:00:00,operator,1,32.0,0.8126,0.8126,1.0,1.0,0.0,0.0,0.91029155254364
ADBE,Adobe Inc.,2020,3,2020-09-15 17:00:00,other,30,126.73333333333333,0.9439566666666667,0.9632000000000001,1.0,1.0,0.0,0.0,0.8443638900915782
ADBE,Adobe Inc.,2020,4,2020-12-10 11:00:00,other,41,235.53658536585365,0.9272268292682927,0.986,0.9512195121951219,0.975609756097561,0.024390243902439025,0.0,0.865926906829927
ADBE,Adobe Inc.,2021,1,2021-03-24 17:00:00,operator,1,31.0,0.8126,0.8126,1.0,1.0,0.0,0.0,0.9165911078453064
ADBE,Adobe Inc.,2021,1,2021-03-24 17:00:00,other,32,132.40625,0.96019375,0.9766999999999999,1.0,1.0,0.0,0.0,0.8507066871970892
ADBE,Adobe Inc.,2021,2,2021-06-17 17:00:00,other,31,125.2258064516129,0.9500096774193549,0.9709,0.7741935483870968,0.8709677419354839,0.0967741935483871,0.03225806451612903,0.8250033403596571
ADBE,Adobe Inc.,2021,3,2021-09-21 17:00:00,other,29,131.82758620689654,0.9573862068965517,0.9764,0.9310344827586207,0.9655172413793104,0.034482758620689655,0.0,0.8543940638673717
ADBE,Adobe Inc.,2021,4,2021-12-16 11:00:00,other,41,197.29268292682926,0.9347609756097561,0.9789,1.0,1.0,0.0,0.0,0.867661483404113
ADBE,Adobe Inc.,2022,1,2022-03-22 17:00:00,other,35,127.65714285714286,0.9435371428571429,0.9776,0.8285714285714286,0.9142857142857143,0.08571428571428572,0.0,0.8335395208426885
ADBE,Adobe Inc.,2022,2,2022-06-16 17:00:00,other,36,117.19444444444444,0.8908666666666666,0.9654499999999999,0.9444444444444444,0.9722222222222222,0.027777777777777776,0.0,0.8448089592986636
ADBE,Adobe Inc.,2022,3,2022-09-15 10:00:00,other,32,132.65625,0.9377125000000001,0.98185,0.9375,0.96875,0.03125,0.0,0.836353313177824
ADBE,Adobe Inc.,2022,4,2022-12-15 17:00:00,other,29,144.48275862068965,0.961955172413793,0.9861,0.9310344827586207,0.9655172413793104,0.034482758620689655,0.0,0.8530215785421175
ADBE,Adobe Inc.,2023,1,2023-03-15 17:00:00,other,32,122.5,0.916690625,0.9782500000000001,1.0,1.0,0.0,0.0,0.8649610932916403
ADBE,Adobe Inc.,2023,2,2023-06-15 17:00:00,analyst,1,58.0,0.9907,0.9907,1.0,1.0,0.0,0.0,0.672005295753479
ADBE,Adobe Inc.,2023,2,2023-06-15 17:00:00,other,30,141.9,0.9465066666666666,0.9849,1.0,1.0,0.0,0.0,0.8668847541014354
ADBE,Adobe Inc.,2023,3,2023-09-14 17:00:00,other,28,141.25,0.9635285714285714,0.98185,1.0,1.0,0.0,0.0,0.8717451776776995
ADBE,Adobe Inc.,2023,4,2023-12-13 17:00:00,other,30,145.96666666666667,0.9455633333333334,0.98035,0.7333333333333333,0.8666666666666667,0.13333333333333333,0.0,0.8412930975357692
ADBE,Adobe Inc.,2024,1,2024-03-14 17:00:00,other,31,145.1290322580645,0.9566580645161291,0.9823,0.9354838709677419,0.967741935483871,0.03225806451612903,0.0,0.8740612941403543
ADBE,Adobe Inc.,2024,2,2024-06-13 17:00:00,other,31,141.96774193548387,0.9380129032258065,0.9821,0.9354838709677419,0.967741935483871,0.03225806451612903,0.0,0.8424836339489106
ADBE,Adobe Inc.,2024,3,2024-09-12 17:00:00,other,24,169.70833333333334,0.9410541666666666,0.9893000000000001,0.9166666666666666,0.9583333333333334,0.041666666666666664,0.0,0.8652721097071966
ADBE,Adobe Inc.,2024,4,2024-12-11 17:00:00,operator,1,44.0,0.9186,0.9186,1.0,1.0,0.0,0.0,0.9416732788085938
ADBE,Adobe Inc.,2024,4,2024-12-11 17:00:00,other,26,160.0,0.9474076923076923,0.9862,0.9230769230769231,0.9615384615384616,0.038461538461538464,0.0,0.8769352894562942
ADBE,Adobe Inc.,2025,1,2025-03-12 17:00:00,other,28,160.60714285714286,0.9334464285714287,0.981,0.9285714285714286,0.9642857142857143,0.03571428571428571,0.0,0.8770252998386111
ADI,"Analog Devices, Inc.",2020,1,2020-02-18 23:15:00,other,24,42.125,0.7790458333333333,0.859,0.4583333333333333,0.7083333333333334,0.25,0.041666666666666664,0.7673983387649059
ADI,"Analog Devices, Inc.",2020,2,2020-05-20 18:00:00,other,20,142.65,0.93834,0.9614,0.95,0.95,0.0,0.05,0.7673236429691315
ADI,"Analog Devices, Inc.",2020,3,2020-08-19 17:00:00,other,16,159.625,0.8492,0.9702,1.0,1.0,0.0,0.0,0.7846757508814335
ADI,"Analog Devices, Inc.",2020,4,2020-11-24 10:00:00,other,19,141.89473684210526,0.9195157894736843,0.9517,1.0,1.0,0.0,0.0,0.8570463406412225
ADI,"Analog Devices, Inc.",2021,1,2021-02-17 10:00:00,other,22,111.0,0.8622,0.9223,0.45454545454545453,0.7272727272727273,0.2727272727272727,0.0,0.7476523816585541
ADI,"Analog Devices, Inc.",2021,2,2021-05-19 11:40:00,other,26,93.8076923076923,0.7751115384615385,0.9337,0.7692307692307693,0.8846153846153846,0.11538461538461539,0.0,0.8330946472974924
ADI,"Analog Devices, Inc.",2021,3,2021-08-18 10:00:00,other,25,96.36,0.912512,0.9325,0.92,0.96,0.04,0.0,0.7900756561756134
ADI,"Analog Devices, Inc.",2021,4,2021-11-23 10:00:00,other,19,131.52631578947367,0.7144526315789473,0.9153,0.5789473684210527,0.7368421052631579,0.15789473684210525,0.10526315789473684,0.830850894513883
